file_name	text
Becedia_Komzoù-brezhoneg/f720a2fe3e346675d01fd35da4920fcf_0027344_0030846.mp3	Ho ho tud o deus bet deskadurezh neuze a-benn ar fin
Becedia_Komzoù-brezhoneg/f720a2fe3e346675d01fd35da4920fcf_0030759_0041211.mp3	Ya ya deskadurezh… deskadurezh desket o deus met… e-barzh ar skol e oant bet un tamm kwa « heñ « met goude-se gant an amzer a vez desket un dra bennak deoc'h atav kwa met ya, sur, ah
Becedia_Komzoù-brezhoneg/f720a2fe3e346675d01fd35da4920fcf_0040951_0046174.mp3	Ha bez e veze levreier ba b'an ti ? Oh veze ket
Becedia_Komzoù-brezhoneg/f720a2fe3e346675d01fd35da4920fcf_0048817_0052599.mp3	Oh nann levrioù nann ne veze ket nann ne oa ket ar mod diouzh an dra
Becedia_Komzoù-brezhoneg/f720a2fe3e346675d01fd35da4920fcf_0052283_0059348.mp3	Ah Nann. Ne oa ket amzer da lenn hag an dra-se peogwir d'ar re gozh a gave dezho gwechall lavar ne oa gant an dra-se… an dra-se ne dalveze ket netra kwa… lenn
Becedia_Komzoù-brezhoneg/f720a2fe3e346675d01fd35da4920fcf_0059149_0061582.mp3	Ah nann ? Ne oa ket amzer da lenn oh nann
Becedia_Komzoù-brezhoneg/f720a2fe3e346675d01fd35da4920fcf_0061231_0066929.mp3	<C'HOARZH> Memes euh lenn an Aviel peotramant… peotramant Buhez ar Sent ?
Becedia_Komzoù-brezhoneg/f720a2fe3e346675d01fd35da4920fcf_0066978_0069727.mp3	Ah Buhez ar Sent ya an dra-se a veze partout ya
Becedia_Komzoù-brezhoneg/f720a2fe3e346675d01fd35da4920fcf_0069404_0075308.mp3	Setu an dra-se a veze e-barzh du-se ? E-barzh du-mañ ne oa ket met e-barzh ti ma zud-kaer goude-se a oa
Becedia_Komzoù-brezhoneg/f720a2fe3e346675d01fd35da4920fcf_0075267_0094981.mp3	E-barzh ti ho tud ho tud-kaer. Ya a oa… a oa unan ya hmm. Buhez ar zent. Buhez ar Sent ya. Hmm, ya. An dra-se a veze lennet. Ya, ya, ma gwaz am eus bet klevet anezhañ o lavaret lavar e dad… o dad a lenne Buhez ar Sent dezho bemnoz bemnoz e veze lennet Buhez ar Sent dezho. Bemnoz, Ya e veze tennet un tamm kwa diouzh… diouzh al levr ya
Becedia_Komzoù-brezhoneg/f720a2fe3e346675d01fd35da4920fcf_0095544_0107004.mp3	Ah un un tamm deus Buhez ar Sent bemnoz. Ya ya, hmm. met an dra-se a veze graet e-pad ar goañv ken peotramant… Oh emichañs ya pa veze hir an noz kwa ya… ya…
Becedia_Komzoù-brezhoneg/f720a2fe3e346675d01fd35da4920fcf_0107769_0111504.mp3	Nann, beñ ni meump ket bet se… Ba du-mañ ne veze ket. Nann. Nann nann.
Becedia_Komzoù-brezhoneg/f720a2fe3e346675d01fd35da4920fcf_0111503_0113993.mp3	Ya peogwir gwechall ne oa ket elektrisite.
Becedia_Komzoù-brezhoneg/f720a2fe3e346675d01fd35da4920fcf_0113739_0115895.mp3	Setu pa veze hir an noz…
Becedia_Komzoù-brezhoneg/f720a2fe3e346675d01fd35da4920fcf_0115894_0128107.mp3	Beñ geo al lamp pichon a veze lakaet war ar pod du… e-kichen an tan. Ar pod du ? Ya ya <C'HOARZH> hag e veze lakaet dour e-barzh c'hoazh. Ah ya. Ya ya ar pod du a-dreñv an tan ya.
Becedia_Komzoù-brezhoneg/f720a2fe3e346675d01fd35da4920fcf_0129097_0134317.mp3	A-benn kaout dour tomm kwa. A veze an dour zomm marteze ya ya ya hmm ya hmm ya
Becedia_Komzoù-brezhoneg/f720a2fe3e346675d01fd35da4920fcf_0133952_0138113.mp3	A ya se a oa aes. Ya ya hmm ya.
Becedia_Komzoù-brezhoneg/f720a2fe3e346675d01fd35da4920fcf_0137896_0142929.mp3	Hag euh al lamp pichon a oa. Al lamp pichon ya. Peotramant ul letern
Becedia_Komzoù-brezhoneg/f720a2fe3e346675d01fd35da4920fcf_0152102_0163497.mp3	Lamp petrol oa, ya lamp petrol, ya ya. Mod-all al letern a veze ya evit mont d'ar c'hreier ha mont partout e veze dav kaout gouloù a-walc'h. A ya. setu e veze alumet al letern ya. Ah ya. Ya.
Becedia_Komzoù-brezhoneg/f720a2fe3e346675d01fd35da4920fcf_0163671_0168397.mp3	Ah ya. Ha soñj ho peus diouzh ar goañv… peseurt mod e oa yen ha…
Becedia_Komzoù-brezhoneg/f720a2fe3e346675d01fd35da4920fcf_0168738_0184029.mp3	A-wechoù a oa skorn. Beñ skorn met d'ar mare-se a veze skorn a viz, bremañ ne vez ket ken bremañ n'eus ket goañv ken <C'HOARZH> na n'eus ket na hañv n'eus ket ivez, memes kavet n'eus kaer. Nann. Nann nann, euhm, ya ya soñj 'm eus e veze e veze goañv sertenamant ya ya
Becedia_Komzoù-brezhoneg/f720a2fe3e346675d01fd35da4920fcf_0183940_0197239.mp3	Ah ya ya, d'ar poent-se e oa… e oa yen hardizh. Ah ya ya ya. E-pad ar goañv kwa… ya ya ya ya ; ha setu e veze dav… e veze ret deoc'h mont d'ar skol memes tra. Ah dav a veze mont d'ar skol memes tra, forzh peseurt amzer e veze…
Becedia_Komzoù-brezhoneg/f720a2fe3e346675d01fd35da4920fcf_0197218_0204719.mp3	Memes pa veze erc'h ? Beñ ya ya ya aec'h d'ar skol memes tra, ya. Ha gant boteier koad ? Ar botoù koad
Becedia_Komzoù-brezhoneg/f720a2fe3e346675d01fd35da4920fcf_0204404_0207007.mp3	Ne oa ket aes… emichañs
Becedia_Komzoù-brezhoneg/f720a2fe3e346675d01fd35da4920fcf_0206796_0221195.mp3	Pff ni a oa boazet ar mod-se n'hon doa ket gwelet nemet an dra-se, seurt ar mod-se <C'HOARZH> ne ouiemp ket hag-eñ e oa un dra bennak aesoc'h kwa gouzout rit, gouzout rit nañ vez gwelet met d'ar mare-se ez aemp gant botoù koad d'ec'h. Ya ya tout an dud a oa memes mod. Memes mod… tout an dud a oa memes mod ya ya.
Becedia_Komzoù-brezhoneg/f720a2fe3e346675d01fd35da4920fcf_0221194_0229650.mp3	Ha soñj ho peus bezañ bezañ risklet ur wech euh war war an hent. Oh ya emichañs hon eus bet graet… m'eus ket kement-se soñj met sur met sur hon eus bet graet ah
Becedia_Komzoù-brezhoneg/f720a2fe3e346675d01fd35da4920fcf_0229486_0237589.mp3	Kouezhet un tamm ha… Kouezhet ha neuze plijadur a veze pa veze skorn warno. Ar vugale etrezo a veze o risklañ… e veze o c'hoari
Becedia_Komzoù-brezhoneg/f720a2fe3e346675d01fd35da4920fcf_0237418_0246300.mp3	Risklañ ha traoù ya ya. A ya e-barzh ar porzh e veze graet ivez. Ya ya. Porzh ar skol peotramant. Oh porzh ar skol ne veze ket peogwir ne veze ket… nann nann
Becedia_Komzoù-brezhoneg/f720a2fe3e346675d01fd35da4920fcf_0252367_0261647.mp3	Deus ? Deus Krec'h Madiec a deuemp deus… a deuemp d'ar veilh avel kwa… d'ar skol aze. A diouzh Krec'h Madiec… an dra-se eo anv ? Anv kêr e-lec'h e oan o chom
Becedia_Komzoù-brezhoneg/f720a2fe3e346675d01fd35da4920fcf_0268437_0278870.mp3	Nann nann, ah ya peogwir c'hwi a zo bet savet gant ur… Gant ur eontr ya. Gant hoc'h eontr deoc'h. Gant ur eontr ya. Ya ya hag euh lavaret ho peus din abalamour petra met m'eus ket soñj m'eus dalc'het soñj
Becedia_Komzoù-brezhoneg/f720a2fe3e346675d01fd35da4920fcf_0278634_0293079.mp3	Abalamour e oamp oh kalz vugale kwa ha setu pa oa oh oh daou dri bloaz a-raok c'hoazh hag ar re all a oa brasoc'h euh met goude-se e oa deuet div verc'h en-dro setu ma eontr emichañs en doa… da soulajiñ ma mamm en doa tapet unan ac'hanomp
Becedia_Komzoù-brezhoneg/f720a2fe3e346675d01fd35da4920fcf_0293844_0302719.mp3	ha goude-se ma mamm a oa marv ar bloavezh war-lerc'h kwa… goude bezañ bet ur verc'h all hag ma mamm a oa marv, setu goude-se me a zo bet chomet ba gant ma eontr ya
Becedia_Komzoù-brezhoneg/f720a2fe3e346675d01fd35da4920fcf_0302422_0309152.mp3	Ha… ho mamm a zo marvet en ur… en ur ganañ ar verc'h-mañ. Ya goude-se ya… un nebeud devezhioù goude ya
Becedia_Komzoù-brezhoneg/f720a2fe3e346675d01fd35da4920fcf_0309021_0312926.mp3	Un nebeud devezhioù goude e oa ganet ar verc'h ya… ya a oa-hi marv
Becedia_Komzoù-brezhoneg/f720a2fe3e346675d01fd35da4920fcf_0313135_0317604.mp3	Traoù a mod-se a c'hoarveze gwechall. Oh ya gwechall a zo erruet traoù ar mod-se ya… ya
Becedia_Komzoù-brezhoneg/f720a2fe3e346675d01fd35da4920fcf_0320254_0325751.mp3	Ha just a-walc'h soñj ho peus gwelet ar medisin o tont… o tont d'ar gêr pa oac'h bihan a-wechoù
Becedia_Komzoù-brezhoneg/f720a2fe3e346675d01fd35da4920fcf_0325380_0327050.mp3	Oh m'eus ket
Becedia_Komzoù-brezhoneg/f720a2fe3e346675d01fd35da4920fcf_0330312_0334847.mp3	Enfin n'ouzon hag-eñ e veze goulennet met nann m'eus ket soñj gwelet ar medisin dont pa oan bihan, nann
Becedia_Komzoù-brezhoneg/f720a2fe3e346675d01fd35da4920fcf_0334634_0340930.mp3	pa oan yaouank nann 'm eus ket soñj gwelet medisin ebet nann. Biken… morse peus bet gwelet. 'm eus ket soñj nann, nann nann
Becedia_Komzoù-brezhoneg/30df215903f8131cbd9a714fb5d3c799_0000490_0014771.mp3	Ha petra a soñjit deus euh an trubuilhoù a zo bremañ gant an « agrikultur » ha ya, tout zo bet… bez a zo bet manifestadegoù nevez a zo aze. Ya.
Becedia_Komzoù-brezhoneg/30df215903f8131cbd9a714fb5d3c799_0015007_0019085.mp3	Zo bet prometet traoù d'al labourerien douar
Becedia_Komzoù-brezhoneg/30df215903f8131cbd9a714fb5d3c799_0018900_0021235.mp3	ya ya met vez ket roet kalz tra dezho
Becedia_Komzoù-brezhoneg/30df215903f8131cbd9a714fb5d3c799_0021234_0022666.mp3	nann just a-walc'h
Becedia_Komzoù-brezhoneg/30df215903f8131cbd9a714fb5d3c799_0025358_0032020.mp3	Euh evel e oa un amezeg o lavaret din… n'eus lavaret pad ur « reunion », oh ya an dra zo ur pennadig zo
Becedia_Komzoù-brezhoneg/30df215903f8131cbd9a714fb5d3c799_0031921_0035255.mp3	Euh ret eo din lavaret an dra-se dit e galleg
Becedia_Komzoù-brezhoneg/30df215903f8131cbd9a714fb5d3c799_0039540_0041811.mp3	setu anat dit gouzout lavar eo
Becedia_Komzoù-brezhoneg/30df215903f8131cbd9a714fb5d3c799_0041461_0048714.mp3	eo ret bezañ d'an traoñ a-benn labourat kwa heñ hag ar re vez re uhel an traoù ganto ebeñ roint seurt ebet d'ar re all
Becedia_Komzoù-brezhoneg/30df215903f8131cbd9a714fb5d3c799_0048592_0051028.mp3	gwelloc'h vez ganto derc'hel dezho o-unan
Becedia_Komzoù-brezhoneg/30df215903f8131cbd9a714fb5d3c799_0054112_0058839.mp3	bez zo mizer e-barzh an « agrikultur » met n'ouzon ket hag-eñ ne vo ket muioc'h c'hoazh.
Becedia_Komzoù-brezhoneg/30df215903f8131cbd9a714fb5d3c799_0058838_0068435.mp3	kar ni meump bet labouret pa oamp yaouank heñ… bet meump bet graet bep seurt heñ, me m'eus troc'het geot, me m'eus troc'het geot gant ar falz hag ar falc'h
Becedia_Komzoù-brezhoneg/30df215903f8131cbd9a714fb5d3c799_0068541_0071968.mp3	a-raok ar brezel heñ, hag e-pad ar brezel ivez
Becedia_Komzoù-brezhoneg/30df215903f8131cbd9a714fb5d3c799_0071713_0075386.mp3	Ebeñ bremañ emaint e-barzh traktourien… me a oar kwa heñ
Becedia_Komzoù-brezhoneg/30df215903f8131cbd9a714fb5d3c799_0075611_0078421.mp3	hag e vezont pas ebet oc'h ober un tamm labour
Becedia_Komzoù-brezhoneg/30df215903f8131cbd9a714fb5d3c799_0080767_0083794.mp3	muioc'h a bec'h a zo warno bremañ evit e oa war c'hanimp,
Becedia_Komzoù-brezhoneg/30df215903f8131cbd9a714fb5d3c799_0083408_0085414.mp3	goude labouremp kalz a-raok…
Becedia_Komzoù-brezhoneg/30df215903f8131cbd9a714fb5d3c799_0085142_0087045.mp3	Ha petra a zo kaoz
Becedia_Komzoù-brezhoneg/30df215903f8131cbd9a714fb5d3c799_0087585_0098718.mp3	Beñ ar re yaouank bremañ ne gomañsont ket gant nebeud… ret dezho kavout kalz ivez kwa… an dra-se a zo… an dra-se a zo un dra bennak ivez kwa… e-lec'h ni gwechall a gomañse bihan hag a greske
Becedia_Komzoù-brezhoneg/30df215903f8131cbd9a714fb5d3c799_0098821_0102308.mp3	Ya setu bremañ e vez… e vezont euh
Becedia_Komzoù-brezhoneg/30df215903f8131cbd9a714fb5d3c799_0102307_0104730.mp3	n'em anfoñs a reont diouzhtu
Becedia_Komzoù-brezhoneg/30df215903f8131cbd9a714fb5d3c799_0109340_0114206.mp3	Pa vez re a gle… ebeñ an anaoudegezh a ya da heul
Becedia_Komzoù-brezhoneg/30df215903f8131cbd9a714fb5d3c799_0116128_0119264.mp3	Pa vez re a dle a beñ ne ya ket mad ar jeu
Becedia_Komzoù-brezhoneg/30df215903f8131cbd9a714fb5d3c799_0119263_0123572.mp3	Ne ya ket mad ar jeu hag e vez, e vez ya ya, e vez trubuilhet an den
Becedia_Komzoù-brezhoneg/30df215903f8131cbd9a714fb5d3c799_0123571_0138178.mp3	Ya kar ni meump bet komañset euh euh boñ da zigentañ boñ oa oto ebet boñ bet oa gant, a-benn ar fin e oa bet unan ivez… ya… hag a zo bet kresket ha kresket e-mod-se… komañset gant un trakteur echuet meump gant tri
Becedia_Komzoù-brezhoneg/30df215903f8131cbd9a714fb5d3c799_0137924_0140595.mp3	met boñ ne gomañser ket gant ur…
Becedia_Komzoù-brezhoneg/30df215903f8131cbd9a714fb5d3c799_0142799_0144949.mp3	bremañ ret kaout re vras
Becedia_Komzoù-brezhoneg/30df215903f8131cbd9a714fb5d3c799_0144739_0147294.mp3	Diouzhtu, Diouzhtu ya re vras Diouzhtu
Becedia_Komzoù-brezhoneg/30df215903f8131cbd9a714fb5d3c799_0147293_0149609.mp3	Ya met moaien a zo met ret e vez paeañ anezho.
Becedia_Komzoù-brezhoneg/30df215903f8131cbd9a714fb5d3c799_0149608_0150969.mp3	Aze an hini emañ ya
Becedia_Komzoù-brezhoneg/30df215903f8131cbd9a714fb5d3c799_0150722_0157871.mp3	Ha ma ne rez ket… ma ma laboures netra nemet evit… euh rentañ ar c'hle
Becedia_Komzoù-brezhoneg/30df215903f8131cbd9a714fb5d3c799_0157870_0160444.mp3	Ya, ne dalvez ket ivez, kwa heñ, dalv dalv ket ar boan
Becedia_Komzoù-brezhoneg/30df215903f8131cbd9a714fb5d3c799_0160443_0164218.mp3	hag ha peseurt mod teuio ur ur wreg yaouank
Becedia_Komzoù-brezhoneg/30df215903f8131cbd9a714fb5d3c799_0164217_0171767.mp3	Beñ ya… aze an hini emañ kwa… ya ya ya… kalz a blasoù bremañ ar wreg a labour e-lec'h all hag a zo un dra mad ivez kwa
Becedia_Komzoù-brezhoneg/30df215903f8131cbd9a714fb5d3c799_0179923_0181205.mp3	Ne raio ket
Becedia_Komzoù-brezhoneg/30df215903f8131cbd9a714fb5d3c799_0181290_0184522.mp3	O echuiñ a ray, ya, ha ha, pa do c'hoant
Becedia_Komzoù-brezhoneg/30df215903f8131cbd9a714fb5d3c799_0186221_0195514.mp3	Beñ kompren a ran… ar gwregez ar gwragez yaouank bremañ ebeñ ne c'houlont ket kalz dont ken e-barzh… da labourat an douar ivez kwa
Becedia_Komzoù-brezhoneg/30df215903f8131cbd9a714fb5d3c799_0216965_0221515.mp3	an tad hag ar vamm e-barzh an daou blas a sikour o mab
Becedia_Komzoù-brezhoneg/30df215903f8131cbd9a714fb5d3c799_0221698_0227703.mp3	Met daoust hag-eñ en em gavo unan bennak yaouank da zont da ramplas e vamm da sikour anezhañ
Becedia_Komzoù-brezhoneg/30df215903f8131cbd9a714fb5d3c799_0227592_0233524.mp3	n'ouzon ket… kentoc'h a gavo unan bennak da vont da labourat da lec'h all
Becedia_Komzoù-brezhoneg/30df215903f8131cbd9a714fb5d3c799_0233595_0241510.mp3	heñ ha da zont d'ar gêr neuze d'en em okupiñ da… met euh n'eo ket aes dalc'hmat
Becedia_Komzoù-brezhoneg/30df215903f8131cbd9a714fb5d3c799_0241286_0245620.mp3	Nann ha surtoud bremañ n'en deus ket kalz labour lec'h all ivez, nann
Becedia_Komzoù-brezhoneg/30df215903f8131cbd9a714fb5d3c799_0246776_0255930.mp3	unan all a zo aze e-giz-se hennezh en deus daou vugel yaouank bremañ… beñ e wreg zo o labourat lec'h all… mad e ya ar jeu gantañ… ya… peogwir e dad hag e vamm a zo bepred o sikour anezhañ
Becedia_Komzoù-brezhoneg/30df215903f8131cbd9a714fb5d3c799_0256069_0261803.mp3	Ya met pa ne vo ket ar vamm ken kap gouest da sikour anezhañ, ya, peseurt mod a raio ?
Becedia_Komzoù-brezhoneg/30df215903f8131cbd9a714fb5d3c799_0261802_0264761.mp3	N'ouzon ket… n'ouzon ket
Becedia_Komzoù-brezhoneg/30df215903f8131cbd9a714fb5d3c799_0264760_0267838.mp3	Ha c'hoazh ma ma ne vez ket re vras ar feurm
Becedia_Komzoù-brezhoneg/30df215903f8131cbd9a714fb5d3c799_0267892_0271764.mp3	Bras-mad eo, Bras-mad eo, ya bras-mad eo ya ya
Becedia_Komzoù-brezhoneg/30df215903f8131cbd9a714fb5d3c799_0271418_0277728.mp3	Moc'h zo pe saout, ket… saout-laezh. Saout-laezh ? Ya, saout laezh ha heuze koleoù en deus ivez hennezh
Becedia_Komzoù-brezhoneg/30df215903f8131cbd9a714fb5d3c799_0278027_0279781.mp3	Koleoù en deus ivez. Ya, koleoù en deus ivez ya.
Becedia_Komzoù-brezhoneg/30df215903f8131cbd9a714fb5d3c799_0280563_0284630.mp3	N'eo ket… euh eñ en deus kemeret un tamm euh… ar pezh ma gav kwa
Becedia_Komzoù-brezhoneg/30df215903f8131cbd9a714fb5d3c799_0288147_0296296.mp3	Hennezh a bren met sepet e goleoù a sav ivez hag e mod-all e ounnerachoù a vez da ramplasiñ kwa
Becedia_Komzoù-brezhoneg/30df215903f8131cbd9a714fb5d3c799_0296179_0299120.mp3	Ya ya pa defe ezhomm euh, pa n'eus ezhomm… ya ya ya
Becedia_Komzoù-brezhoneg/30df215903f8131cbd9a714fb5d3c799_0299119_0304004.mp3	hag ar mod-all a bren koleoù neuze an dra-se zepand pezh a gav a-wechoù e vez « charolais » a-wechoù e vije re all kwa heñ
Becedia_Komzoù-brezhoneg/30df215903f8131cbd9a714fb5d3c799_0304003_0308106.mp3	ya ya, pezh ma gav kwa, d'ober… d'ober… d'ober euh, e leueioù kwa, kig, ya
Becedia_Komzoù-brezhoneg/30df215903f8131cbd9a714fb5d3c799_0308205_0309787.mp3	d'ober loened kig kwa,
Becedia_Komzoù-brezhoneg/30df215903f8131cbd9a714fb5d3c799_0313602_0318913.mp3	setu hennezh euh emaint ganto dek… dek… dek… daouzek e-barzh ar memes box kwa
Becedia_Komzoù-brezhoneg/30df215903f8131cbd9a714fb5d3c799_0331402_0338193.mp3	an hini a zo… en deus euh… eñ n'eus moc'h ivez, hennezh ne ra ket nemet moc'h ken ivez… hennezh en deus bet saout-kig e-pad ur reuziad ivez
Becedia_Komzoù-brezhoneg/30df215903f8131cbd9a714fb5d3c799_0341628_0350667.mp3	e dad hag e vamm n'eus saout kig ivez kwa met gwerzet o deus anezhe ivez kwa. Ne ra ket ken nemet, nemet saout hag… ha bremañ neuze…
Brendan-Budok_Durand-Le-Ludec/ccf0497c74f6f47ea79caea9a105e694_0001920_0003570.mp3	Salud deoc'h tout, mat an traoù ?
Brendan-Budok_Durand-Le-Ludec/ccf0497c74f6f47ea79caea9a105e694_0004110_0007727.mp3	Setu, an dibenn-sizhun tremenet e oa GBB,
Brendan-Budok_Durand-Le-Ludec/ccf0497c74f6f47ea79caea9a105e694_0007770_0016020.mp3	Gouel broadel ar brezhoneg, a oa bet e Langoned hag… un dra dibar hon doa klasket ober, hag omp deuet a-benn d'ober,
Brendan-Budok_Durand-Le-Ludec/ccf0497c74f6f47ea79caea9a105e694_0016382_0020987.mp3	A zo lakaat an dud euh da genstrivañ en ur genstrivadeg
Brendan-Budok_Durand-Le-Ludec/ccf0497c74f6f47ea79caea9a105e694_0023282_0027119.mp3	Zo ur meskaj awenet gant chess-boxing ho poa gwelet dija
Brendan-Budok_Durand-Le-Ludec/ccf0497c74f6f47ea79caea9a105e694_0027169_0031649.mp3	Ha m'ho peus ket gwelet c'hoazh, kit da welet ar video war ma chadenn war ar chess-boxing,
Brendan-Budok_Durand-Le-Ludec/ccf0497c74f6f47ea79caea9a105e694_0031879_0036898.mp3	Ha neuze ur meskaj etre an echedoù, hag aze war ur c'hoari ramzel,
Brendan-Budok_Durand-Le-Ludec/ccf0497c74f6f47ea79caea9a105e694_0037039_0041610.mp3	Hag euh… hag ar back-hold, da lavaret eo gouren bro-skos.
Brendan-Budok_Durand-Le-Ludec/ccf0497c74f6f47ea79caea9a105e694_0042901_0049680.mp3	Krogomp bremañ setu. Aze e oa bet filmet neuze euh Loig grobol gant ar re wenn
Brendan-Budok_Durand-Le-Ludec/ccf0497c74f6f47ea79caea9a105e694_0049740_0053040.mp3	A-enep Tudwal Girard gant ar re zu.
Brendan-Budok_Durand-Le-Ludec/ccf0497c74f6f47ea79caea9a105e694_0053310_0058260.mp3	Trugarez vras da Anna al lay evit bezañ filmet euh… filmet kement-se ha kemeret ar fotoioù.
Brendan-Budok_Durand-Le-Ludec/ccf0497c74f6f47ea79caea9a105e694_0058470_0062340.mp3	Setu e c'hoariont war ar c'hoari ramzel hag e-pad seizh munutenn
Brendan-Budok_Durand-Le-Ludec/ccf0497c74f6f47ea79caea9a105e694_0062370_0067996.mp3	Hag ur wech terminet ar seizh munutenn ez aint da… aint da c'hoari
Brendan-Budok_Durand-Le-Ludec/ccf0497c74f6f47ea79caea9a105e694_0068769_0071760.mp3	Euh back-hold e-giz ma voc'h gwel… ma vo gwelet ganeoc'h bremaik, setu.
Brendan-Budok_Durand-Le-Ludec/ccf0497c74f6f47ea79caea9a105e694_0071789_0074168.mp3	Aze hon eus un digoradur saoz, heñ, evit ar poent,
Brendan-Budok_Durand-Le-Ludec/ccf0497c74f6f47ea79caea9a105e694_0076350_0080010.mp3	Ha… setu kaset e zaou varc'heg er-maez aze gant ar re wenn.
Brendan-Budok_Durand-Le-Ludec/ccf0497c74f6f47ea79caea9a105e694_0080520_0084397.mp3	Ha Tudwal gant ar re zu 'n eus fiñvet un tamm re ar pezhioù gwerin evit ar poent
Brendan-Budok_Durand-Le-Ludec/ccf0497c74f6f47ea79caea9a105e694_0084447_0092440.mp3	Neuze, debret E pemp, aze e c'hall addebriñ met ne vije ket fin, heñ, peogwir e c'hallfe ar rouanez wenn debriñ hini zu,
Brendan-Budok_Durand-Le-Ludec/ccf0497c74f6f47ea79caea9a105e694_0092642_0095460.mp3	Setu e tiorren e eskob, eskob B seizh…
Brendan-Budok_Durand-Le-Ludec/ccf0497c74f6f47ea79caea9a105e694_0099330_0104419.mp3	Derc'hel a ra da vont o tebriñ D c'hwec'h, rouanez dap D c'hwec'h en-dro.
Brendan-Budok_Durand-Le-Ludec/ccf0497c74f6f47ea79caea9a105e694_0104420_0109830.mp3	Boñ, setu fentus e oa, heñ peogwir, evel-just, e oa… e oa bet disachet kalz tud gant an dra-se
Brendan-Budok_Durand-Le-Ludec/ccf0497c74f6f47ea79caea9a105e694_0110220_0114059.mp3	Hag ouzhpenn-se e oa, <C'HOARZH>, setu Tudwal a glask kaout lañs bep tro…
Brendan-Budok_Durand-Le-Ludec/ccf0497c74f6f47ea79caea9a105e694_0115531_0121680.mp3	Hag evel-just e… e bet diaes heñ gwelet mat an holl pezhioù euh, ken bras eo ar c'hoari,
Brendan-Budok_Durand-Le-Ludec/ccf0497c74f6f47ea79caea9a105e694_0121830_0124740.mp3	Met memestra e oa bet… oa bet tenn a-walc'h ar bartienn.
Brendan-Budok_Durand-Le-Ludec/ccf0497c74f6f47ea79caea9a105e694_0125713_0129089.mp3	Ha… ne vo ket sellet ouzh ar bartienn a-bezh, bah forzh penaos e vank tammoù…
Brendan-Budok_Durand-Le-Ludec/ccf0497c74f6f47ea79caea9a105e694_0129090_0135630.mp3	Aze ar fazi kentañ graet gant Loig, tapet 'n eus e C seizh, addebret eo bet diouzhtu gant eskob Tudwal.
Brendan-Budok_Durand-Le-Ludec/ccf0497c74f6f47ea79caea9a105e694_0137190_0144150.mp3	Boñ, sellomp bremañ ouzh euh… ouzh un eil mare, euh un tamm pell… un tamm diwezhatoc'h, er memes partienn.
Brendan-Budok_Durand-Le-Ludec/ccf0497c74f6f47ea79caea9a105e694_0149877_0156350.mp3	Aze, emañ prederiañ… emañ o prederiañ Tudwal e c'hoari eskob G pevar.
Brendan-Budok_Durand-Le-Ludec/ccf0497c74f6f47ea79caea9a105e694_0156351_0160498.mp3	Setu en ur blegenn a zo tenn a-walc'h, ha mar sellit mat aze a zo daou eskob,
Brendan-Budok_Durand-Le-Ludec/ccf0497c74f6f47ea79caea9a105e694_0160617_0164934.mp3	Kostez ar re zu a-enep marc'heg hag eskob hag un tour eus a bep tu.
Brendan-Budok_Durand-Le-Ludec/ccf0497c74f6f47ea79caea9a105e694_0165330_0168450.mp3	Siwazh emañ o paouez ober ur fazi, met ya ! Debret e eskob.
Brendan-Budok_Durand-Le-Ludec/ccf0497c74f6f47ea79caea9a105e694_0168720_0173579.mp3	Hag aze e vez gwelet penn Tudwal, aze eo sebezet, o skeiñ war e benn, setu.
Brendan-Budok_Durand-Le-Ludec/ccf0497c74f6f47ea79caea9a105e694_0173790_0179157.mp3	N'eo ket laouen gant e daol diwezhañ, met derc'hel da stourm, heñ, ne zilezo ket evit ken nebeut a dra…
Brendan-Budok_Durand-Le-Ludec/ccf0497c74f6f47ea79caea9a105e694_0179650_0188303.mp3	Hmm… setu debret H daou. Petra vo graet gant Loig ? Debriñ a ra G seizh.
Brendan-Budok_Durand-Le-Ludec/ccf0497c74f6f47ea79caea9a105e694_0188520_0193799.mp3	Bec'h d'ar roue. Ah ! Neuze ec'h achap ar roue e F eizh.
Brendan-Budok_Durand-Le-Ludec/ccf0497c74f6f47ea79caea9a105e694_0199253_0204930.mp3	Tour H seizh evit tagañ H c'hwec'h evit ma ne vije ket dindan gwask ar roue an tour ivez, heñ.
Brendan-Budok_Durand-Le-Ludec/ccf0497c74f6f47ea79caea9a105e694_0205260_0211678.mp3	Tour D daou bec'h, aze prest da dagañ B daou setu heñ, gwelet a rit ur morad a dud en tro-war-dro, o sellet.
Brendan-Budok_Durand-Le-Ludec/ccf0497c74f6f47ea79caea9a105e694_0217350_0226019.mp3	Ha setu, goude ar prantad-se oant aet da… da c'houren met doare bro-skos, da lavaret eo ur back-hold.
Brendan-Budok_Durand-Le-Ludec/ccf0497c74f6f47ea79caea9a105e694_0226020_0229050.mp3	Sellomp bremañ neuze penaos oa kont ar back-hold-se.
Brendan-Budok_Durand-Le-Ludec/ccf0497c74f6f47ea79caea9a105e694_0232260_0237780.mp3	Setu, a-benn ar fin e ranker neuze lakaat e zaouarn tro-dro da c'hein an enebour,
Brendan-Budok_Durand-Le-Ludec/ccf0497c74f6f47ea79caea9a105e694_0238590_0246354.mp3	Ha lakaat e benn war e skoaz, ha n'eo ket ret euh ober lamm evel er gouren,
Brendan-Budok_Durand-Le-Ludec/ccf0497c74f6f47ea79caea9a105e694_0246360_0250769.mp3	Met a-benn ar fin ar pezh zo ret ober a zo lakaat an enebour da ziskrogañ e zaouarn diouzh da gein,
Brendan-Budok_Durand-Le-Ludec/ccf0497c74f6f47ea79caea9a105e694_0250920_0259230.mp3	Peotramant da lakaat anezhañ da gouezhañ araozout, war ar brenn heskenn, heñ, gwelet a rit aze e oa bet lakaet brenn heskenn, dre ma oa bet un tournamant gouren an devezh a-raok.
Brendan-Budok_Durand-Le-Ludec/ccf0497c74f6f47ea79caea9a105e694_0261247_0267450.mp3	Ha setu e-giz ma vez ingal bremañ bep daou vloaz gant… er GBB.
Brendan-Budok_Durand-Le-Ludec/ccf0497c74f6f47ea79caea9a105e694_0267451_0274130.mp3	Hag aze, tenn an traoù, gwelout a reer e klaskont ober ur c'hliked, ur c'hliked heñ an eil d'egile.
Brendan-Budok_Durand-Le-Ludec/ccf0497c74f6f47ea79caea9a105e694_0274689_0280750.mp3	Hag aze e oa kouezhet Loig, neuze ur poent oa bet evit euh, evit Tudwal.
Brendan-Budok_Durand-Le-Ludec/ccf0497c74f6f47ea79caea9a105e694_0282189_0291479.mp3	Met ne oa ket echu an traoù, aze ha neuze, gounezet oa gant an hini kentañ a c'houneze daou grogad, kwa a-benn ar fin.
Brendan-Budok_Durand-Le-Ludec/ccf0497c74f6f47ea79caea9a105e694_0291480_0295260.mp3	Aze oa aet unan dija gant Loig, nann gant Tudwal kentoc'h.
Brendan-Budok_Durand-Le-Ludec/ccf0497c74f6f47ea79caea9a105e694_0296940_0304648.mp3	Setu, kroget endro, setu gortozomp an tredeog, setu.
Brendan-Budok_Durand-Le-Ludec/ccf0497c74f6f47ea79caea9a105e694_0306330_0309510.mp3	Da leuskel anezhe kregiñ ganti.
Brendan-Budok_Durand-Le-Ludec/ccf0497c74f6f47ea79caea9a105e694_0311319_0315990.mp3	Fiñval a raint, fiñval a ra… piv a vo trec'h ? Piv a vo trec'h ?
Brendan-Budok_Durand-Le-Ludec/ccf0497c74f6f47ea79caea9a105e694_0317070_0323760.mp3	Aze santout a reer, aze ouzhpenn-se zo daou baotr bras, marteze ne vez ket gwelet splann war ar video met ar re-se zo, an daou se a zo korfeg a-walc'h ha bras.
Brendan-Budok_Durand-Le-Ludec/ccf0497c74f6f47ea79caea9a105e694_0325350_0328889.mp3	Setu, e oa brav da welet kement-mañ. Setu.
Brendan-Budok_Durand-Le-Ludec/ccf0497c74f6f47ea79caea9a105e694_0329420_0333240.mp3	Unan diwezhañ ? Aze da ma soñj e oa bet euh laosket…
Brendan-Budok_Durand-Le-Ludec/ccf0497c74f6f47ea79caea9a105e694_0335810_0343979.mp3	Setu neuze boñ, a-benn ar fin e oa aet ar maout gant Loig e… e oa aet ar maout gant Loig aze er gouren
Brendan-Budok_Durand-Le-Ludec/ccf0497c74f6f47ea79caea9a105e694_0343980_0351471.mp3	Hag e oa aet ar maout gantañ er bartienn echedoù ivez er fin, dre ma en doa gounezet ur pezh, e-giz m'ho poa gwelet bremaik, an eskob e G4.
Brendan-Budok_Durand-Le-Ludec/ccf0497c74f6f47ea79caea9a105e694_0351934_0357148.mp3	Amañ setu ez eus euh daou baotr, yaouankoc'h, ha n'int ket ken bras,
Brendan-Budok_Durand-Le-Ludec/ccf0497c74f6f47ea79caea9a105e694_0357149_0364160.mp3	Met o deus euh… o deus gourenet brav ivez, ar re zu o deus tapet ar maout aze er gouren.
Brendan-Budok_Durand-Le-Ludec/ccf0497c74f6f47ea79caea9a105e694_0364500_0367865.mp3	Ha siwazh n'o doa ket bet amzer achuiñ ar bartienn-mañ…
Brendan-Budok_Durand-Le-Ludec/ccf0497c74f6f47ea79caea9a105e694_0367866_0377574.mp3	Met tenn-tre oa aze, ha neuze em boa… m'oa roet ar splet aze d'ar re zu, setu oa bet rampo etrezo.
Brendan-Budok_Durand-Le-Ludec/ccf0497c74f6f47ea79caea9a105e694_0378000_0387120.mp3	Boñ, emichañs en deus plijet deoc'h gwelet-se, ha kement hag ober un tamm bruderezh d'ar GBB, hag emichañs hon do tro d'ober abadennoù euh echedoù back-hold, chess back-hold, gwechoù all c'hoazh.
Brendan-Budok_Durand-Le-Ludec/ccf0497c74f6f47ea79caea9a105e694_0387420_0388810.mp3	Kenavo ar c'hentañ tro !
Neus_Ket_Deus_Archoazh/c50a32c62dacaf1e613dc5f1b99107f9_0048000_0052290.mp3	Sell aze an Douar, evel ma oa dek milion vloaz ha pevar-ugent zo.
Neus_Ket_Deus_Archoazh/c50a32c62dacaf1e613dc5f1b99107f9_0053460_0055980.mp3	"Kleizeg uhel" a vez graet deus ar marevezh-se.
Neus_Ket_Deus_Archoazh/c50a32c62dacaf1e613dc5f1b99107f9_0056670_0061110.mp3	Tommadur bras-bras oa war an Douar, hag an dinosaored oa rouaned ar blanedenn.
Neus_Ket_Deus_Archoazh/c50a32c62dacaf1e613dc5f1b99107f9_0061920_0065910.mp3	Bevañ a raent trankilik, en o flas uhelañ e chadenn ar boued.
Neus_Ket_Deus_Archoazh/c50a32c62dacaf1e613dc5f1b99107f9_0066540_0069960.mp3	Ne ouient ket oa cheñchamantoù bras o c'hoarvez tro-dro dezho.
Neus_Ket_Deus_Archoazh/c50a32c62dacaf1e613dc5f1b99107f9_0070350_0079859.mp3	O pellaat an eil deus egile oa ar c'hevandirioù, en ur zigeriñ frailhoù bras e pluskenn an Douar, bet beuzet goude gant an dour hag aet da vorioù.
Neus_Ket_Deus_Archoazh/c50a32c62dacaf1e613dc5f1b99107f9_0079859_0084510.mp3	O strujañ veze ar bezhin, da heul an tommder bras-bras, hag o kontammiñ an dour.
Neus_Ket_Deus_Archoazh/c50a32c62dacaf1e613dc5f1b99107f9_0084840_0088890.mp3	Marvet oant goude, ha kouezhet, miliardoù anezho, e foñs ar frailhoù.
Neus_Ket_Deus_Archoazh/c50a32c62dacaf1e613dc5f1b99107f9_0092010_0096720.mp3	Kaset oa bet ar oueledenn d'ar morioù, betek ma oa bet peurc'holoet lostachoù ar bezhin.
Neus_Ket_Deus_Archoazh/c50a32c62dacaf1e613dc5f1b99107f9_0097380_0107070.mp3	Kresket he doa ar wask, hag an tommder ivez, ha dre gimiezh oa bet treuzfurmet al lostachoù e hidrokarbidennoù : tireoul ha gaz.
Neus_Ket_Deus_Archoazh/c50a32c62dacaf1e613dc5f1b99107f9_0109470_0112980.mp3	Kemend-all oa c'hoarvezet war an douar, ha deut glaou da heul.
Neus_Ket_Deus_Archoazh/c50a32c62dacaf1e613dc5f1b99107f9_0114360_0121198.mp3	Ur pemp milion vloavezh zo bet ezhomm d'an natur evit aozañ an energiezhioù fosil lonket gant an dud e-korf ur bloavezh.
Neus_Ket_Deus_Archoazh/c50a32c62dacaf1e613dc5f1b99107f9_0121800_0129389.mp3	Stag eo hon doare da vevañ hiziv deus an nerzhioù fosil-se, ha pa vefe souezh gwelet pet a dud a ra evel ma vijent difin.
Neus_Ket_Deus_Archoazh/c50a32c62dacaf1e613dc5f1b99107f9_0132150_0136860.mp3	Abaoe triwec'h kant tri-ugent zo bet eztennet daou vil viliard barrikennad tireoul.
Neus_Ket_Deus_Archoazh/c50a32c62dacaf1e613dc5f1b99107f9_0139350_0141870.mp3	Betek-henn zo bet lonket un hanter anezho, well-wazh.
Neus_Ket_Deus_Archoazh/c50a32c62dacaf1e613dc5f1b99107f9_0145263_0148230.mp3	A-raok tennañ tireoul deus an douar vez ret kavet anezhañ.
Neus_Ket_Deus_Archoazh/c50a32c62dacaf1e613dc5f1b99107f9_0148980_0151904.mp3	Da zigentañ oa aes da gavet ha marc'had mat da eztennañ.
Neus_Ket_Deus_Archoazh/c50a32c62dacaf1e613dc5f1b99107f9_0152730_0157770.mp3	Spindletop oa kentañ tireouleg vras Amerika, bet diskuliet e naontek kant.
Neus_Ket_Deus_Archoazh/c50a32c62dacaf1e613dc5f1b99107f9_0158100_0159240.mp3	Ur bern oa bet da heul.
Neus_Ket_Deus_Archoazh/c50a32c62dacaf1e613dc5f1b99107f9_0160470_0165780.mp3	Furchet veze Amerika gant an douarourien, o doa kavet bernioù bras a eoul, gaz ha glaou.
Neus_Ket_Deus_Archoazh/c50a32c62dacaf1e613dc5f1b99107f9_0166680_0170910.mp3	Muioc'h a direoul veze eztennet en Amerika evit e n'eus forzh peseurt bro all.
Neus_Ket_Deus_Archoazh/c50a32c62dacaf1e613dc5f1b99107f9_0171450_0173730.mp3	Hag ur vro dreist-galloudus e oa deut da vezañ.
Neus_Ket_Deus_Archoazh/c50a32c62dacaf1e613dc5f1b99107f9_0175110_0180750.mp3	Pa groger da broduiñ tireoul en ur puñs n'eo ken nemet un afer amzer a-raok ma'h afe ar produiñ war ziskar.
Neus_Ket_Deus_Archoazh/c50a32c62dacaf1e613dc5f1b99107f9_0181590_0183630.mp3	Disheñvel eo live produiñ pep puñs.
Neus_Ket_Deus_Archoazh/c50a32c62dacaf1e613dc5f1b99107f9_0184140_0189240.mp3	Pa saver ur geidenn deus produiñ an holl buñsoù e treser ur grommenn stumm ur c'hloc'h dezhi.
Neus_Ket_Deus_Archoazh/c50a32c62dacaf1e613dc5f1b99107f9_0190200_0195870.mp3	Peurvuiañ vez ezhomm deus daou-ugent vloaz goude ar penn-diskuliadenn evit ma tizhfe ur vro ur pikern er produiñ.
Neus_Ket_Deus_Archoazh/c50a32c62dacaf1e613dc5f1b99107f9_0196412_0198960.mp3	Goude-se eh a ar produiñ war-ziskar, dre ret.
Neus_Ket_Deus_Archoazh/c50a32c62dacaf1e613dc5f1b99107f9_0200370_0207330.mp3	Er bloavezhioù hanter-kant, oa bet jedet gant Marion King Hubbert, douar-fizikour a laboure evit Shell, e vefe pikern produiñ tireoul Amerika
Neus_Ket_Deus_Archoazh/c50a32c62dacaf1e613dc5f1b99107f9_0207420_0214470.mp3	e naontek kant dek ha tri-ugent, daou-ugent vloaz goude pikern diskuliañ an tireoul en Amerika. Oa ket bet kredet anezhañ.
Neus_Ket_Deus_Archoazh/c50a32c62dacaf1e613dc5f1b99107f9_0214080_0219930.mp3	Padal, e naontek kant dek ha tri-ugent oa bet ar pikern produiñ tireoul en Amerika ha krog an diskar da heul.
Neus_Ket_Deus_Archoazh/c50a32c62dacaf1e613dc5f1b99107f9_0221220_0229469.mp3	Ar wirionez oa gant Hubbert. Adalek ar mare-se, eo bet ret d'an Amerikaned enporzhiañ muioc'h-mui a direoul.
Neus_Ket_Deus_Archoazh/c50a32c62dacaf1e613dc5f1b99107f9_0230010_0234779.mp3	Dalc'het int bet gant ur pourveziñ dizingal ha paket gant an enkadennoù ekonomikel deut da heul,
Neus_Ket_Deus_Archoazh/c50a32c62dacaf1e613dc5f1b99107f9_0235080_0239820.mp3	stroñsoù an tireoul e naontek kant trizek ha tri-ugent ha naontek kant naontek ha tri-ugent.
Neus_Ket_Deus_Archoazh/c50a32c62dacaf1e613dc5f1b99107f9_0240870_0244950.mp3	Er bloavezhioù tregont eo oa bet kavet ar muiañ a direoulegoù en istor Amerika.
Neus_Ket_Deus_Archoazh/c50a32c62dacaf1e613dc5f1b99107f9_0245730_0250950.mp3	Daoust d'an teknologiezhioù nevez eo aet an diskuliañ tireoulegoù nevez war zigreskiñ ingal.
Neus_Ket_Deus_Archoazh/c50a32c62dacaf1e613dc5f1b99107f9_0254040_0259529.mp3	Ar re nevez kavet, evel ANWAR, da skouer, a rofe tireoul evit seitek miz, d'ar muiañ.
Neus_Ket_Deus_Archoazh/c50a32c62dacaf1e613dc5f1b99107f9_0260820_0267750.mp3	Memes an tireouleg Jack-daou, e pleg-mor Mec'hiko, ne bourvezfe ket an tier, en Amerika, en tu all d'un nebeud mizioù.
Neus_Ket_Deus_Archoazh/c50a32c62dacaf1e613dc5f1b99107f9_0268770_0273810.mp3	Ha pa vefe bras, n'eus tireouleg ebet a vefe trawalc'h evit respont da ezhommoù Amerika.
Neus_Ket_Deus_Archoazh/c50a32c62dacaf1e613dc5f1b99107f9_0275190_0281220.mp3	Muioc'h-mui a brouennoù zo omp erruet e pikern produiñ tireoul ar bed, pe tost-kaer dezhañ.
Neus_Ket_Deus_Archoazh/c50a32c62dacaf1e613dc5f1b99107f9_0281100_0284850.mp3	Er bloavezhioù tri-ugent oa bet ar pikern diskuliañ tireoulegoù nevez.
Neus_Ket_Deus_Archoazh/c50a32c62dacaf1e613dc5f1b99107f9_0285990_0290760.mp3	Ouzhpenn daou-ugent vloaz war-lerc'h, n'haller ket diarbenn digresk an diskuliañ tireoulegoù nevez.
Neus_Ket_Deus_Archoazh/c50a32c62dacaf1e613dc5f1b99107f9_0293311_0298920.mp3	Peder bro hag hanter-kant diwar ar pemp ha tri-ugent a brodu tireoul zo erruet d'o fikern produiñ.
Neus_Ket_Deus_Archoazh/c50a32c62dacaf1e613dc5f1b99107f9_0300270_0303000.mp3	Kemend-all c'hoarvezo gant darn deus ar re all a-raok pell.
Neus_Ket_Deus_Archoazh/c50a32c62dacaf1e613dc5f1b99107f9_0304980_0313230.mp3	Ret e vo kavet ar memes kementad a energiezh hag an tireoul produet e Arabia Saoudat bep tri bloaz evit goloiñ war divigañ an tireoulegoù zo deus outo hiziv.
Neus_Ket_Deus_Archoazh/c50a32c62dacaf1e613dc5f1b99107f9_0315180_0319830.mp3	Er bloavezhioù tri-ugent veze eztennet c'hwec'h barrikennad tireoul pa veze implijet unan.
Neus_Ket_Deus_Archoazh/c50a32c62dacaf1e613dc5f1b99107f9_0320401_0325680.mp3	daou-ugent vloaz war-lerc'h e vez implijet etre tri ha c'hwec'h barrikennad er bed pa vez eztennet unan.
Neus_Ket_Deus_Archoazh/c50a32c62dacaf1e613dc5f1b99107f9_0328020_0336840.mp3	Ur wech pa vo bet tizhet ar pikern er produiñ tireoul er bed e vo kalz brasoc'h ar goulenn evit ar c'hinnig, ha kemmoù bras a vo ingal e priz an esañs.
Neus_Ket_Deus_Archoazh/c50a32c62dacaf1e613dc5f1b99107f9_0337262_0340440.mp3	Mont a ray an efedoù kalz pelloc'h evit priz ur gibellad esañs.
Neus_Ket_Deus_Archoazh/c50a32c62dacaf1e613dc5f1b99107f9_0341220_0345120.mp3	Depantiñ a ra kêrioù bras hon marevezh deus an energiezhioù fosil.
Neus_Ket_Deus_Archoazh/c50a32c62dacaf1e613dc5f1b99107f9_0345330_0349620.mp3	Gant asfalt, tennet deus an tireoul, vez graet an hentoù. Toennoù ur bern tier ivez.
Neus_Ket_Deus_Archoazh/c50a32c62dacaf1e613dc5f1b99107f9_0350280_0355380.mp3	N'hallfer ket bevañ war dakadoù douar bras zo ma ne vijent ket tommet deus ar goañv ha yenaet deus an hañv.
Neus_Ket_Deus_Archoazh/c50a32c62dacaf1e613dc5f1b99107f9_0356070_0361589.mp3	Abalamour da lederezh ar c'hêrioù e ya an dud war gilometroù betek en o lec'h labour, en o skol, er stalioù.
Neus_Ket_Deus_Archoazh/c50a32c62dacaf1e613dc5f1b99107f9_0362010_0369270.mp3	Rannet eo ar c'hêrioù pennañ e takadoù annez ha takadoù koñverzh pell an eil re deus ar re all, ha rediet an dud da vont ha da zont gant otoioù.
Neus_Ket_Deus_Archoazh/c50a32c62dacaf1e613dc5f1b99107f9_0370350_0376349.mp3	Savet eo bet ar banlev hag an tolpadoù-kêrioù evel ma oa didermen ar produiñ tireoul hag energiezhioù.
Neus_Ket_Deus_Archoazh/c50a32c62dacaf1e613dc5f1b99107f9_0379140_0385500.mp3	Ar produioù kimiek tennet deus an energiezhioù fosil, an eoul gimiezh, zo ur redi evit sevel a bep seurt produioù.
Neus_Ket_Deus_Archoazh/c50a32c62dacaf1e613dc5f1b99107f9_0387840_0395880.mp3	Stag-mat eo al labour-douar deus an energiezhioù fosil, dres evel an ospitalioù, ar c'hirri-nij, ar reizhiadoù dasparzh dour.
Neus_Ket_Deus_Archoazh/c50a32c62dacaf1e613dc5f1b99107f9_0396428_0401639.mp3	Mann nemet arme ar Stadoù-Unanet a ra gant kant daou-ugent milion barrikennad tireoul ar bloaz.
Neus_Ket_Deus_Archoazh/c50a32c62dacaf1e613dc5f1b99107f9_0402977_0411540.mp3	Ur redi eo an energiezhioù fosil evit sevel plastik ha polimeroù, elfennoù diazez an urzhiataerezoù, binvioù didu ha dilhad zo.
Neus_Ket_Deus_Archoazh/c50a32c62dacaf1e613dc5f1b99107f9_0412110_0417900.mp3	Stag eo ekonomiezh ar bed deus ur c'hresk difin, diazezet war gresk an energiezhioù marc'had mat.
Neus_Ket_Deus_Archoazh/c50a32c62dacaf1e613dc5f1b99107f9_0420720_0430170.mp3	Ken stag omp deus an tireoul ha deus an energiezhioù fosil all ken e talv ur c'hemm, ha pa vefe bihan, e kementad an energiezhioù eilefedoù spontus war hon buhez pemdez.
Neus_Ket_Deus_Archoazh/c50a32c62dacaf1e613dc5f1b99107f9_0441988_0445020.mp3	Talv a ra an energiezh ar varregezh da gas ul labour da benn vat. <SONEREZH>
Neus_Ket_Deus_Archoazh/c50a32c62dacaf1e613dc5f1b99107f9_0445680_0450330.mp3	Nerzh kant hanter-kant sklav o labourat noz-deiz a zo e kerzh un Amerikan boutin hiziv.
Neus_Ket_Deus_Archoazh/c50a32c62dacaf1e613dc5f1b99107f9_0453450_0456360.mp3	Treloskoù vez graet deus an danvez a zalc'h an nerzh-se.
Neus_Ket_Deus_Archoazh/c50a32c62dacaf1e613dc5f1b99107f9_0458340_0461040.mp3	Muioc'h a nerzh a zo e treloskoù zo evit er re all.
Neus_Ket_Deus_Archoazh/c50a32c62dacaf1e613dc5f1b99107f9_0461310_0467160.mp3	Douester an energiezh a vez graet deus se. Gant an tireoul, un deus an treloskoù-se, emañ an dalc'h.
Neus_Ket_Deus_Archoazh/c50a32c62dacaf1e613dc5f1b99107f9_0467791_0472548.mp3	tregont miliard barrikennad ar bloaz vez implijet gant an dud er bed, da lavaret eo daou zevezh-arat kub ha tregont a direoul,
Neus_Ket_Deus_Archoazh/c50a32c62dacaf1e613dc5f1b99107f9_0474540_0481830.mp3	pe talvoudegezh an energiezh a vije produet gant div greizenn nukleel ha hanter-kant o vont en-dro ingal en hanter-kant vloavezh da zont.
Neus_Ket_Deus_Archoazh/c50a32c62dacaf1e613dc5f1b99107f9_0482160_0490349.mp3	Daoust ma ne zeu nemet un dre gant pik c'hwec'h deus tredan Amerika diwar an tireoul ec'h a da voueta c'hwezek dre gant ha pevar-ugent deus an dougen-samm.
Neus_Ket_Deus_Archoazh/c50a32c62dacaf1e613dc5f1b99107f9_0491220_0504630.mp3	E daou vil eizh eo an div drederenn deus tireoul Amerika oa bet enporzhiet, deus ar C'hanada peurvuiañ, Mec'hiko, Arabia Saoudat, Venezuela, Nijeria, Irak hag Angola.
Neus_Ket_Deus_Archoazh/c50a32c62dacaf1e613dc5f1b99107f9_0506430_0510620.mp3	N'eus ket par d'an tireoul evit meur a abeg : e zouester energiezh da gentañ.
Neus_Ket_Deus_Archoazh/c50a32c62dacaf1e613dc5f1b99107f9_0511740_0515549.mp3	Talvoudegezh tost da teir bloavezh labour un den zo en ur varrikennad tireoul.
Neus_Ket_Deus_Archoazh/c50a32c62dacaf1e613dc5f1b99107f9_0517559_0522870.mp3	Dourek vez d'ur wrez etre, aezet eo kas-degas anezhañ, hag implij anezhañ e kefluskerioù bihan.
Neus_Ket_Deus_Archoazh/c50a32c62dacaf1e613dc5f1b99107f9_0524700_0527730.mp3	Evit dastum energiezh zo ezhomm d'ober gant energiezh.
Neus_Ket_Deus_Archoazh/c50a32c62dacaf1e613dc5f1b99107f9_0528210_0532530.mp3	Ober gant nebeut a nerzh evit kavet hag eztennañ kalz a energiezh, aze mañ ar stek.
Neus_Ket_Deus_Archoazh/c50a32c62dacaf1e613dc5f1b99107f9_0535560_0540660.mp3	Gounid Energiezh War an Energiezh Postet (GEWEP) eo se. EROEI en saozneg.
Neus_Ket_Deus_Archoazh/c50a32c62dacaf1e613dc5f1b99107f9_0540900_0546960.mp3	Ur skouer vat eo an tireoul boutin. Da gentañ oa bet eztennet an tireoul kriz, a galite hag an aesañ.
Neus_Ket_Deus_Archoazh/c50a32c62dacaf1e613dc5f1b99107f9_0548040_0556654.mp3	Ur varrikennad tireoul veze implijet evit kavet hag eztennañ kant barrikennad all. <SONEREZH>
Neus_Ket_Deus_Archoazh/c50a32c62dacaf1e613dc5f1b99107f9_0558330_0566760.mp3	Pa oa bet eztennet an tireoul aes da gavet da gentañ oa bet ret mont da glask mammennoù en uhelvorioù, pe e broioù pell, en ur implij kalzig a energiezh.
Neus_Ket_Deus_Archoazh/c50a32c62dacaf1e613dc5f1b99107f9_0568590_0573720.mp3	Ponner pe sulfurus vez alies an tireoul kavet mod-se, ha koust' ra ker puraat anezhañ.
Neus_Ket_Deus_Archoazh/c50a32c62dacaf1e613dc5f1b99107f9_0574680_0577650.mp3	Ken izel ha dek eo GEWEP an tireoul hiziv.
Neus_Ket_Deus_Archoazh/c50a32c62dacaf1e613dc5f1b99107f9_0579330_0585150.mp3	Ma vez graet gant muioc'h a energiezh evit eztennañ un trelosk evit ma zo barzh an trelosk-se, ne dalv ket ar boan.
Neus_Ket_Deus_Archoazh/c50a32c62dacaf1e613dc5f1b99107f9_0589140_0591600.mp3	Moaien zo da droiñ ur vammenn energiezh en un all.
Neus_Ket_Deus_Archoazh/c50a32c62dacaf1e613dc5f1b99107f9_0592470_0595919.mp3	Bewech ma vez graet vez koll war an nerzh a oa en trelosk kentañ.
Neus_Ket_Deus_Archoazh/c50a32c62dacaf1e613dc5f1b99107f9_0598110_0603060.mp3	Bez' zo tireoulioù n'int ket boutin, da skouer : ar sabron hag ar skiit terdouarek.
Neus_Ket_Deus_Archoazh/c50a32c62dacaf1e613dc5f1b99107f9_0603540_0610109.mp3	Er C'hanada vez kavet darn deus ar sabron terdouarek. Er Stadoù-Unanet mañ an div drederenn deus skiit terdouarek ar bed.
Neus_Ket_Deus_Archoazh/c50a32c62dacaf1e613dc5f1b99107f9_0610380_0613950.mp3	Moaien zo da droiñ an daou drelosk-se e tireoul boutin kenaozet.
Neus_Ket_Deus_Archoazh/c50a32c62dacaf1e613dc5f1b99107f9_0614070_0621525.mp3	Na vit-se vez ezhomm deus kalz a wrez hag a zour fresk, ent-se vez digresket o GEWEP a c'hall mont deus pemp da un pik pemp.
Neus_Ket_Deus_Archoazh/c50a32c62dacaf1e613dc5f1b99107f9_0623835_0631605.mp3	Trelosk paour hardizh eo ar skiit tredouarek zo ennañ un drederenn, evit ar memes pouez, deus an nerzh zo ba ur voestad edaj evit an dijuni.
Neus_Ket_Deus_Archoazh/c50a32c62dacaf1e613dc5f1b99107f9_0632445_0636495.mp3	Bernioù bras a c'hlaou a zo a bourvez ar bed gant un hanter deus e dredan.
Neus_Ket_Deus_Archoazh/c50a32c62dacaf1e613dc5f1b99107f9_0637215_0641204.mp3	Tost da tri-ugent devezh-arat kub glaou ar bloaz vez implijet er bed.
Neus_Ket_Deus_Archoazh/c50a32c62dacaf1e613dc5f1b99107f9_0641715_0646965.mp3	Padal c'hallfer erruout da bikern produiñ hollek ar glaou a-raok daou vil daou-ugent.
Neus_Ket_Deus_Archoazh/c50a32c62dacaf1e613dc5f1b99107f9_0647775_0654465.mp3	Ur fazi eo krediñ pado ar glaou kantvedoù en Amerika, pa ne vez ket taolet e kont e kresk ar goulenn, hag e tigresk e galite.
Neus_Ket_Deus_Archoazh/c50a32c62dacaf1e613dc5f1b99107f9_0655815_0662055.mp3	Darn deus ar glaou karreg, a galite vat, zo aet da get, ha ne chom nemet glaou a galite izeloc'h, nebeutoc'h a nerzh ennañ.
Neus_Ket_Deus_Archoazh/c50a32c62dacaf1e613dc5f1b99107f9_0663075_0669435.mp3	Trubuilhoù produiñ a sav neuze, p'eo bet eztennet glaou ar c'horre dija, ha ret vez toullañ donoc'h, e lec'hioù diaesoc'h da vont enno.
Neus_Ket_Deus_Archoazh/c50a32c62dacaf1e613dc5f1b99107f9_0670575_0675735.mp3	A-wechoù memes vez diskaret menezioù evit kavet ar bernioù glaou, hag un drast spontus eo evit an natur.
Neus_Ket_Deus_Archoazh/c50a32c62dacaf1e613dc5f1b99107f9_0679245_0682515.mp3	Da heul an tireoul hag ar glaou vez kavet gaz naturel alies.
Neus_Ket_Deus_Archoazh/c50a32c62dacaf1e613dc5f1b99107f9_0683475_0690795.mp3	Er bloavezhioù hanter-kant zo bet pikern diskuliañ gaz naturel en Amerika an Hanternoz, hag e penn-kentañ ar bloavezhioù dek ha tri-ugent, pikern ar produiñ.
Neus_Ket_Deus_Archoazh/c50a32c62dacaf1e613dc5f1b99107f9_0691305_0698385.mp3	Ma vo kaset tres-kromm an diskuliañ tri bloaz warn-ugent pelloc'h e weler splann dazont ar produiñ gaz naturel en Amerika an Hanternoz.
Neus_Ket_Deus_Archoazh/c50a32c62dacaf1e613dc5f1b99107f9_0700335_0709395.mp3	A-drugarez da deknikoù nevez c'haller eztennañ gaz naturel divoutin evel ar gaz skiit, a vo, marteze, ur rikour e-tal diskar ar produiñ er bloavezhioù da zont.
Neus_Ket_Deus_Archoazh/c50a32c62dacaf1e613dc5f1b99107f9_0710415_0716535.mp3	Disputet eo talvoudegezh ar gaz divoutin, pa zo ezhomm vefe uhel prizioù an energiezhioù evit ma vefe ampletus.
Neus_Ket_Deus_Archoazh/c50a32c62dacaf1e613dc5f1b99107f9_0718575_0723795.mp3	Memes en ur gontañ ar gaz divoutin c'hallfer erruout d'ar pikern produiñ gaz er bed e daou vil tregont.
Neus_Ket_Deus_Archoazh/c50a32c62dacaf1e613dc5f1b99107f9_0727035_0730065.mp3	Bez' zo bernioù uraniom bras, a dalv d'ar skiriañ nukleel.
Neus_Ket_Deus_Archoazh/c50a32c62dacaf1e613dc5f1b99107f9_0730995_0737265.mp3	Evit produiñ an dek terawatt a vez tennet deus an energiezhioù fosil vije ezhomm deus dek mil kreizenn nukleel,
Neus_Ket_Deus_Archoazh/c50a32c62dacaf1e613dc5f1b99107f9_0737596_0741645.mp3	ha n'hallfe padet ar bernioù uraniom ouiomp zo anezho nemet dek pe ugent vloaz.
Neus_Ket_Deus_Archoazh/c50a32c62dacaf1e613dc5f1b99107f9_0746085_0752295.mp3	Taolioù-arnod zo bet graet gant reaktorioù dreistganerioù dre blutoniom en Frañs ha Japan, c'hwitadennoù koustus anezho.
Neus_Ket_Deus_Archoazh/c50a32c62dacaf1e613dc5f1b99107f9_0753825_0757125.mp3	Skoilhoù teknikel ramz zo war hent ar skiriañ nukleel.
Neus_Ket_Deus_Archoazh/c50a32c62dacaf1e613dc5f1b99107f9_0758175_0760245.mp3	An nerzhioù neveshaüs zo deus outo ivez.
Neus_Ket_Deus_Archoazh/c50a32c62dacaf1e613dc5f1b99107f9_0760695_0763725.mp3	Ur GEWEP uhel 'n deus nerzh an avel, met paouez-dibaouez eo.
Neus_Ket_Deus_Archoazh/c50a32c62dacaf1e613dc5f1b99107f9_0765105_0770715.mp3	War nerzh an dour c'haller kontañ, met savet zo bet stankelloù war al lodenn vrasañ deus stêrioù ar bed diorroet.
Neus_Ket_Deus_Archoazh/c50a32c62dacaf1e613dc5f1b99107f9_0771645_0776985.mp3	Ar c'hreizennoù gwrez-douar boutin a denn o nerzh deus takadoù tomm tost da c'horre an Douar.
Neus_Ket_Deus_Archoazh/c50a32c62dacaf1e613dc5f1b99107f9_0776985_0778635.mp3	Stag int deus an takadoù-se.
Neus_Ket_Deus_Archoazh/c50a32c62dacaf1e613dc5f1b99107f9_0778425_0785445.mp3	Er c'hreizennoù gwrez-douar gwellaet hag arnodiñ vez toullet daou riboul dek kilometr en douar.
Neus_Ket_Deus_Archoazh/c50a32c62dacaf1e613dc5f1b99107f9_0786165_0791745.mp3	Kaset vez dour en eil riboul, a vez tommet er frailhoù, ha pompet er riboul all evit produiñ tredan.
Neus_Ket_Deus_Archoazh/c50a32c62dacaf1e613dc5f1b99107f9_0792705_0800835.mp3	Hervez ur rentañ-kont nevez a-walc'h gant an MIT e tegasfe an teknologiezh-se dek dre gant deus tredan ar Stadoù-Unanet ac'han daou vil hanter-kant.
Neus_Ket_Deus_Archoazh/c50a32c62dacaf1e613dc5f1b99107f9_0801975_0804495.mp3	Nerzh ar gwagennoù ne vez produet nemet war an aodoù.
Neus_Ket_Deus_Archoazh/c50a32c62dacaf1e613dc5f1b99107f9_0805275_0808483.mp3	Disheñvel eo douester energiezh ar gwagennoù hervez ar broioù.
Neus_Ket_Deus_Archoazh/c50a32c62dacaf1e613dc5f1b99107f9_0809925_0813075.mp3	Un dael vije kas tredan produet gant ar gwagennoù barzh an douaroù.
Neus_Ket_Deus_Archoazh/c50a32c62dacaf1e613dc5f1b99107f9_0814335_0817844.mp3	Ouzhpenn-se vez krignet an troellrodoù gant aer ha dour ar mor.
Neus_Ket_Deus_Archoazh/c50a32c62dacaf1e613dc5f1b99107f9_0820035_0822255.mp3	An treloskoù bev zo treloskoù gounezet.
Neus_Ket_Deus_Archoazh/c50a32c62dacaf1e613dc5f1b99107f9_0822795_0825884.mp3	Izel eo douester energiezh ar c'hoad, ha kreskiñ a ra difonn.
Neus_Ket_Deus_Archoazh/c50a32c62dacaf1e613dc5f1b99107f9_0826275_0829935.mp3	Tost da tri-ugent devezh-arat koad ar bloaz vez implijet er bed.
Neus_Ket_Deus_Archoazh/c50a32c62dacaf1e613dc5f1b99107f9_0831195_0835755.mp3	Dont ra ar gazeoul bev hag an etanol deus ul labour-douar stag deus nerzh an tireoul.
Neus_Ket_Deus_Archoazh/c50a32c62dacaf1e613dc5f1b99107f9_0836745_0839565.mp3	Izel-kaer eo ar gounid nerzh war an treloskoù-se.
Neus_Ket_Deus_Archoazh/c50a32c62dacaf1e613dc5f1b99107f9_0840855_0844215.mp3	Faot' a rafe da bolitikerien zo troiñ ar mais en etanol.
Neus_Ket_Deus_Archoazh/c50a32c62dacaf1e613dc5f1b99107f9_0844815_0853155.mp3	Ober gant etanol evit pourchas un dekvedenn deus an esañs vo ezhomm er Stadoù-Unanet en daou vil ugent talvezfe implij tri dre gant deus douaroù Amerika.
Neus_Ket_Deus_Archoazh/c50a32c62dacaf1e613dc5f1b99107f9_0853815_0858465.mp3	Pourchas un drederenn dalvezfe ober gant teir gwech an douaroù gounid mais.
Neus_Ket_Deus_Archoazh/c50a32c62dacaf1e613dc5f1b99107f9_0859185_0865755.mp3	Evit pourchas an tireoul a vo ezhomm anezhañ en Amerika en daou vil ugent vije ezhomm deus un hanter muioc'h douaroù gounid boued.
Neus_Ket_Deus_Archoazh/c50a32c62dacaf1e613dc5f1b99107f9_0868845_0875805.mp3	Eztennet vez an hidrojen deus ar gaz naturel, ar glaou pe an dour, ha graet vez gant muioc'h a nerzh evit ar pezh vez dastumet.
Neus_Ket_Deus_Archoazh/c50a32c62dacaf1e613dc5f1b99107f9_0876646_0879765.mp3	Kazi sur ne vo ket diazezet an ekonomiezh war an hidrojen.
Neus_Ket_Deus_Archoazh/c50a32c62dacaf1e613dc5f1b99107f9_0881595_0887144.mp3	Kement ha div greizenn gwrez diwar c'hlaou e talv produiñ tredan holl banelloù fotovoltaek ar bed.
Neus_Ket_Deus_Archoazh/c50a32c62dacaf1e613dc5f1b99107f9_0888435_0892725.mp3	Etre unan ha peder tonenn glaou vez implijet evit ober ur banell fotovoltaek.
Neus_Ket_Deus_Archoazh/c50a32c62dacaf1e613dc5f1b99107f9_0895635_0903345.mp3	Ret vije goloiñ ur c'horread daou c'hant mil pevar c'hilometr karrez warn-ugent gant panelloù evit pourchas an energiezh zo ezhomm anezhañ er bed.
Neus_Ket_Deus_Archoazh/c50a32c62dacaf1e613dc5f1b99107f9_0903435_0907455.mp3	E daou vil seizh e oa goloet ur c'hwec'h pik pemp kilometr karrez bennak.
Neus_Ket_Deus_Archoazh/c50a32c62dacaf1e613dc5f1b99107f9_0908085_0912045.mp3	Barregezhioù bras o deus ar c'hreizennoù gwrez-heol, met nebeut-kaer zo deus outo.
Neus_Ket_Deus_Archoazh/c50a32c62dacaf1e613dc5f1b99107f9_0912623_0921555.mp3	N'haller sevel anezho nemet lec'h ma vez heol ingal, ha ret vez kas kementadoù bras a dredan war hirderioù ken bras all.
Neus_Ket_Deus_Archoazh/c50a32c62dacaf1e613dc5f1b99107f9_0924555_0929355.mp3	Stag eo an holl energiezhioù erlec'hiañ-se da vekanikoù ac'h a en-dro gant tireoul,
Neus_Ket_Deus_Archoazh/c50a32c62dacaf1e613dc5f1b99107f9_0929685_0932715.mp3	pe o dez ezhomm deus danvez evel ar plastik, a vez graet gant tireoul.
Neus_Ket_Deus_Archoazh/c50a32c62dacaf1e613dc5f1b99107f9_0934815_0939735.mp3	Pa vez tud oc'h embann o deus treloskoù pe vekanikoù burzhudus, dav goull ganto :
Neus_Ket_Deus_Archoazh/c50a32c62dacaf1e613dc5f1b99107f9_0940155_0942855.mp3	ur skouerenn deus ar mekanik ac'h a en-dro o deus an dud-se ?
Neus_Ket_Deus_Archoazh/c50a32c62dacaf1e613dc5f1b99107f9_0944625_0948795.mp3	Peseurt douester energiezh 'n eus ? Aes vez klenkañ pe skignañ anezhañ ?
Neus_Ket_Deus_Archoazh/c50a32c62dacaf1e613dc5f1b99107f9_0950205_0955245.mp3	Ur produiñ ingal pe paouez-dibaouez ? Moaien zo d'ober gantañ er vro a-bezh ?
Neus_Ket_Deus_Archoazh/c50a32c62dacaf1e613dc5f1b99107f9_0955815_0963195.mp3	Ha skoilhoù teknikel kuzh a vije ? Peseurt GEWEP en eus ? Peseurt efedoù war an endro ?
Neus_Ket_Deus_Archoazh/c50a32c62dacaf1e613dc5f1b99107f9_0964575_0972615.mp3	Touellet c'haller bezañ gant niveroù bras… Da skouer : ur miliard barrikennad tireoul a vo diouzh ezhomm daouzek devezh nemetken.
Neus_Ket_Deus_Archoazh/c50a32c62dacaf1e613dc5f1b99107f9_0974655_0977955.mp3	Klaoustre spontus vije tremen deus an energiezhioù fosil da reoù all.
Neus_Ket_Deus_Archoazh/c50a32c62dacaf1e613dc5f1b99107f9_0978795_0984610.mp3	E daou vil seizh zo bet produet eizh dre gant ha daou-ugent virgulenn pemp deus tredan ar Stadoù-Unanet diwar c'hlaou.
Neus_Ket_Deus_Archoazh/c50a32c62dacaf1e613dc5f1b99107f9_0984435_0989715.mp3	un dre gant warn-ugent virgulenn c'hwec'h diwar ar gaz naturel, un dre gant virgulenn c'hwec'h diwar an tireoul,
Neus_Ket_Deus_Archoazh/c50a32c62dacaf1e613dc5f1b99107f9_0989933_0994604.mp3	naontek dre gant virgulenn pevar diwar nerzh nukleel, pemp dre gant virgulenn eizh diwar nerzh an dour.
Neus_Ket_Deus_Archoazh/c50a32c62dacaf1e613dc5f1b99107f9_0994905_0998085.mp3	daou pik pemp dre gant nemetken diwar an energiezhioù neveshaüs.
Neus_Ket_Deus_Archoazh/c50a32c62dacaf1e613dc5f1b99107f9_0999375_1004084.mp3	Ha posupl vefe lakaat ur skeuliad energiezhioù erlec'hiañ ba plas an treloskoù fosil er sistem ?
Neus_Ket_Deus_Archoazh/c50a32c62dacaf1e613dc5f1b99107f9_1006246_1011644.mp3	Ezhomm vefe ec'h afe an teknologiezhioù war-raok, kement hag ar youl politikel hag ar c'henlabour ;
Neus_Ket_Deus_Archoazh/c50a32c62dacaf1e613dc5f1b99107f9_1011825_1019355.mp3	deus ur postañ arc'hant bras ivez, deus un emglev etre an holl vroioù ; da adkempenn sistem ekonomikel ar bed hag e bemp mil miliard dollar ha daou-ugent,
Neus_Ket_Deus_Archoazh/c50a32c62dacaf1e613dc5f1b99107f9_1019505_1027708.mp3	hag an dougen-samm ivez, an uzinoù sevel madoù ha reizhadoù al labour-douar, hag ivez da gavet tud e-karg kap da verañ ar c'hemm-se.
Neus_Ket_Deus_Archoazh/c50a32c62dacaf1e613dc5f1b99107f9_1029464_1033724.mp3	Ma vefe tizhet ar palioù-se, daoust ha pad a rafe hon mod da vevañ ?
Neus_Ket_Deus_Archoazh/c50a32c62dacaf1e613dc5f1b99107f9_1040655_1046624.mp3	Barzh ur voutailh e vev ar bakteri-mañ. Bep munutenn vezont daougementet. <SONEREZH>
Neus_Ket_Deus_Archoazh/c50a32c62dacaf1e613dc5f1b99107f9_1046624_1051095.mp3	Da unnek eur beure zo ur vakterienn. Da greisteiz eo leun ar voutailh.
Neus_Ket_Deus_Archoazh/c50a32c62dacaf1e613dc5f1b99107f9_1052415_1057755.mp3	Da unnek eur nav hag hanter-kant oa hanter leun ha plas walc'h oa evit un doubliñ nemetken c'hoazh.
Neus_Ket_Deus_Archoazh/c50a32c62dacaf1e613dc5f1b99107f9_1058085_1064084.mp3	Santet a ra ar bakteri zo dañjer. Klask reont boutailhoù nevez, ha teir anezho a gavont.
Neus_Ket_Deus_Archoazh/c50a32c62dacaf1e613dc5f1b99107f9_1063695_1071795.mp3	Renket an afer, sañset. <UNK> Da greisteiz, leuniet ar voutailh gentañ. Da greisteiz unan, leuniet an eil voutailh.
Neus_Ket_Deus_Archoazh/c50a32c62dacaf1e613dc5f1b99107f9_1073775_1076325.mp3	Da greisteiz div, leuniet an holl voutailhoù.
Neus_Ket_Deus_Archoazh/c50a32c62dacaf1e613dc5f1b99107f9_1077375_1081905.mp3	Aze mañ an dalc'h evidomp ivez, abalamour d'an doubliñ zo er c'hresk eksponantel.
Neus_Ket_Deus_Archoazh/c50a32c62dacaf1e613dc5f1b99107f9_1085565_1092495.mp3	Pa oa bet krog an dud d'ober gant glaou ha tireoul evel mammennoù treloskoù oa kresket o niver evel ma oa ket bet biskoazh.
Neus_Ket_Deus_Archoazh/c50a32c62dacaf1e613dc5f1b99107f9_1092885_1097384.mp3	Memes ur feur kreskiñ izel a gas da greskoù bras goude ur pennad-amzer.
Neus_Ket_Deus_Archoazh/c50a32c62dacaf1e613dc5f1b99107f9_1097655_1102274.mp3	Gant ur feur kreskiñ un dre gant vez daougementet un ekonomiezh e-korf dek vloaz ha tri-ugent.
Neus_Ket_Deus_Archoazh/c50a32c62dacaf1e613dc5f1b99107f9_1102785_1105905.mp3	Gant ur feur daou dre gant zo ezhomm deus pemp bloaz ha tregont.
Neus_Ket_Deus_Archoazh/c50a32c62dacaf1e613dc5f1b99107f9_1106985_1111935.mp3	Gant ur feur kreskiñ dek dre gant, vez daougementet un ekonomiezh e-korf seizh vloaz nemetken.
Neus_Ket_Deus_Archoazh/c50a32c62dacaf1e613dc5f1b99107f9_1112745_1118655.mp3	M'he dez un ekonomiezh ur c'hresk tri dre gant evel hiziv e taougement bep tri bloaz warn-ugent.
Neus_Ket_Deus_Archoazh/c50a32c62dacaf1e613dc5f1b99107f9_1120245_1127175.mp3	Bewech pa vez daougementet ec'h a an ezhommoù nerzh ha danvez en tu all da ezhommoù an holl zoubliñ c'hoarvezet a-raok.
Neus_Ket_Deus_Archoazh/c50a32c62dacaf1e613dc5f1b99107f9_1127915_1133925.mp3	Savet eo hon reizhiad arc'hant war vartezead ar c'hresk. N'hall bezañ harpet nemet war muioc'h-mui a energiezh.
Neus_Ket_Deus_Archoazh/c50a32c62dacaf1e613dc5f1b99107f9_1135815_1139685.mp3	Moneiz n'o deus ket vez prestet gant ar bankoù a grou anezhañ, en gwirionez.
Neus_Ket_Deus_Archoazh/c50a32c62dacaf1e613dc5f1b99107f9_1140375_1148355.mp3	Implijet eo ar moneiz nevez-krouet-se gant an ampresterien evit kreskiñ o embregerezhioù a-benn paeañ o gleoù mui interestoù, a dalv vez ret kreskiñ c'hoazh.
Neus_Ket_Deus_Archoazh/c50a32c62dacaf1e613dc5f1b99107f9_1150545_1156695.mp3	Abalamour d'ar c'hrouiñ moneiz diwar c'hleoù e talv darn deus ar moneiz er bed hiziv gleoù gant interestoù da baeañ.
Neus_Ket_Deus_Archoazh/c50a32c62dacaf1e613dc5f1b99107f9_1158645_1167945.mp3	Ma ne zeuy ket rummadoù brasoc'h ampresterien nevez da broduiñ ar c'hresk ha da baeañ ar gleoù-se da heul, e kouezho ekonomiezh ar bed en he foull.
Neus_Ket_Deus_Archoazh/c50a32c62dacaf1e613dc5f1b99107f9_1168755_1172895.mp3	Evel en ur chadenn Ponzi eo ret d'ar sistem kreskiñ pe mervel.
Neus_Ket_Deus_Archoazh/c50a32c62dacaf1e613dc5f1b99107f9_1174665_1181385.mp3	Abalamour d'ar reizhiad gleoù-se, evit darn, eo bet splann ha bras efedoù ar c'hresk ekonomikel war ar produiñ diabarzh kriz,
Neus_Ket_Deus_Archoazh/c50a32c62dacaf1e613dc5f1b99107f9_1181422_1192962.mp3	ar sevel stankelloù, implij an dour, implij an temzoù, poblañs ar c'hêrioù, implij ar paper, an niver a girri-tan, ar c'hehentiñ hag an douristelezh.
Neus_Ket_Deus_Archoazh/c50a32c62dacaf1e613dc5f1b99107f9_1194255_1200794.mp3	Da seizh miliard e sav bremañ an niver a dud er bed, hag en tu all da nav miliard ec'h afe ac'han daou vil hanter-kant.
Neus_Ket_Deus_Archoazh/c50a32c62dacaf1e613dc5f1b99107f9_1201190_1204515.mp3	Ma vije plat ha difin hon Douar, ne vije kudenn ebet.
Neus_Ket_Deus_Archoazh/c50a32c62dacaf1e613dc5f1b99107f9_1204995_1211289.mp3	Padal, gaoz m'eo ront ha bevennet hon Douar, ec'h erruimp ivez, deiz pe zeiz, tal bevennoù ar c'hresk.
Neus_Ket_Deus_Archoazh/c50a32c62dacaf1e613dc5f1b99107f9_1212555_1218645.mp3	Da heul ar c'hresk ekonomikel zo bet kresket feur ar mergl nitrek hag ar metan en aer,
Neus_Ket_Deus_Archoazh/c50a32c62dacaf1e613dc5f1b99107f9_1219095_1225169.mp3	digresket an ozon, kresket an dourioù-beuz, hag an droug graet da ekoreizhiadoù ar morioù,
Neus_Ket_Deus_Archoazh/c50a32c62dacaf1e613dc5f1b99107f9_1225650_1235370.mp3	en ur gontañ diruilh al ludu holen, an diskar koadeier e pep lec'h, kresk an takadoù douar implijet gant an dud, ha diskar kalz a ouennoù loened.
Neus_Ket_Deus_Archoazh/c50a32c62dacaf1e613dc5f1b99107f9_1237920_1241460.mp3	Lakaomp ur c'hreunenn riz nemetken war garrezig kentañ ur c'hoari echedoù.
Neus_Ket_Deus_Archoazh/c50a32c62dacaf1e613dc5f1b99107f9_1241708_1244730.mp3	Daougementet vo ha lakaet div war an eil karrezig.
Neus_Ket_Deus_Archoazh/c50a32c62dacaf1e613dc5f1b99107f9_1244819_1247609.mp3	Daougementiñ c'hoazh, ha peder war an trivet.
Neus_Ket_Deus_Archoazh/c50a32c62dacaf1e613dc5f1b99107f9_1248240_1251369.mp3	Daougementiñ, hag eizh greunenn war ar pevare.
Neus_Ket_Deus_Archoazh/c50a32c62dacaf1e613dc5f1b99107f9_1251169_1256785.mp3	Ma vo dalc'het ganti mod-se, o taougementiñ bewech an niver a c'hreunennoù en ur vont war-raok deus ur c'harrez,
Neus_Ket_Deus_Archoazh/c50a32c62dacaf1e613dc5f1b99107f9_1256784_1262400.mp3	pa erruer war ar c'harrez diwezhañ vo ezhomm deus un niver bras-spontus a c'hreunennoù.
Neus_Ket_Deus_Archoazh/c50a32c62dacaf1e613dc5f1b99107f9_1262806_1268249.mp3	nav zrilion, daou c'hant tri biliard warn-ugent, tri c'hant daouzek bilion ha tri-ugent,
Neus_Ket_Deus_Archoazh/c50a32c62dacaf1e613dc5f1b99107f9_1268520_1275054.mp3	c'hwec'h miliard ha tregont, eizh kant pevar milion ha hanter-kant, seizh kant c'hwezek mil greunenn ha tri-ugent.
Neus_Ket_Deus_Archoazh/c50a32c62dacaf1e613dc5f1b99107f9_1275940_1279680.mp3	Muioc'h evit pezh zo bet gounezet gant an dud e-korf dek mil vloaz.
Neus_Ket_Deus_Archoazh/c50a32c62dacaf1e613dc5f1b99107f9_1280893_1286850.mp3	Daougementiñ a ra an ekonomiezhioù modern evel ar greun war ar c'hoari echedoù, goude un nebeud dekvloaziadoù.
Neus_Ket_Deus_Archoazh/c50a32c62dacaf1e613dc5f1b99107f9_1286850_1290019.mp3	War beseurt kombod deus ar gael omp erruet ?
Neus_Ket_Deus_Archoazh/c50a32c62dacaf1e613dc5f1b99107f9_1290519_1296900.mp3	<SONEREZH> Ouzhpenn an energiezh vez ezhomm deus kalzig a zanvezioù all en hon c'hevredigezhioù :
Neus_Ket_Deus_Archoazh/c50a32c62dacaf1e613dc5f1b99107f9_1297410_1303660.mp3	dour da evañ, douar atil, boued, koadeier, ha meur a seurt mein ha metalioù.
Neus_Ket_Deus_Archoazh/c50a32c62dacaf1e613dc5f1b99107f9_1304490_1308840.mp3	Harz vez lakaet d'ar c'hresk gant un danvez ral-kaer, e-mesk ar re ret-se.
Neus_Ket_Deus_Archoazh/c50a32c62dacaf1e613dc5f1b99107f9_1310460_1315679.mp3	Gant plankennoù koad vez savet ur varrikenn hag evel an dour diskennet ba ur varrikenn,
Neus_Ket_Deus_Archoazh/c50a32c62dacaf1e613dc5f1b99107f9_1315890_1320309.mp3	n'hall ket ar c'hresk mont en tu all d'ar blankenn verrañ, pe d'an danvez diazez ralañ.
Neus_Ket_Deus_Archoazh/c50a32c62dacaf1e613dc5f1b99107f9_1321770_1326180.mp3	daou-ugent dre gant deus holl luc'hkevanaoz an Douar vez implijet hiziv gant an dud.
Neus_Ket_Deus_Archoazh/c50a32c62dacaf1e613dc5f1b99107f9_1326562_1331771.mp3	Ha pa vefe posupl ober gant pevar-ugent dre gant, n'hallfemp ket mont betek kant tri-ugent dre gant.
Neus_Ket_Deus_Archoazh/c50a32c62dacaf1e613dc5f1b99107f9_1346550_1350420.mp3	Harpet kreñv eo pourveziñ boued ar bed war an treloskoù fosil.
Neus_Ket_Deus_Archoazh/c50a32c62dacaf1e613dc5f1b99107f9_1350793_1355100.mp3	A-raok ar Brezel Bed kentañ e oa naturel al labour-douar penn-da-benn.
Neus_Ket_Deus_Archoazh/c50a32c62dacaf1e613dc5f1b99107f9_1355730_1363740.mp3	Goude ma oa bet aozet temz ha louzeier-amprevaned diwar direoul, oa aet war-raok ar produiñ boued a-galz, ha kresket an niver a dud da heul.
Neus_Ket_Deus_Archoazh/c50a32c62dacaf1e613dc5f1b99107f9_1367130_1374000.mp3	Bouetaet zo bet muioc'h a dud goude implij an temz chimi, evit na vije bet posupl mann nemet gant ar produiñ naturel.
Neus_Ket_Deus_Archoazh/c50a32c62dacaf1e613dc5f1b99107f9_1375320_1383090.mp3	Ezhomm zo deus treloskoù fosil evit mekanikoù un ti-feurm, an dougen-samm, ar yenaat pe skornañ, ar pakadoù plastik, hag ar c'heginañ.
Neus_Ket_Deus_Archoazh/c50a32c62dacaf1e613dc5f1b99107f9_1384500_1389419.mp3	Implijet vez douar, el labour-douar a-hiziv, evit troiñ treloskoù fosil e boued, ha boued e tud.
Neus_Ket_Deus_Archoazh/c50a32c62dacaf1e613dc5f1b99107f9_1391100_1395600.mp3	Tro seizh kalorienn diwar treloskoù vez implijet evit produiñ ur galorienn voued.
Neus_Ket_Deus_Archoazh/c50a32c62dacaf1e613dc5f1b99107f9_1398720_1405620.mp3	En Amerika e ra ar boued ur veaj daou vil pemp kant kilometr etre un ti-feurm hag ur bevezer bennak.
Neus_Ket_Deus_Archoazh/c50a32c62dacaf1e613dc5f1b99107f9_1409070_1413450.mp3	Ouzhpenn digresk an hidrokarbidennoù, zo traoù all a lak hon reizhiad produiñ boued en arvar :
Neus_Ket_Deus_Archoazh/c50a32c62dacaf1e613dc5f1b99107f9_1414800_1420950.mp3	prizioù izel an energiezh, teknologiezhioù gwellaet ha yalc'hadoù bras o deus digoret an hent d'an dreist-pesketa.
Neus_Ket_Deus_Archoazh/c50a32c62dacaf1e613dc5f1b99107f9_1422330_1428630.mp3	Ur pikern en niver a besked tapet zo bet e fin ar bloavezhioù pevar-ugent, ha rediet ar besketaerien da vont pelloc'h war uhelvor.
Neus_Ket_Deus_Archoazh/c50a32c62dacaf1e613dc5f1b99107f9_1432320_1437989.mp3	Kontammet eo bet ar stêrioù hag ar morioù gant nitrojen ar chimi, ha skarzhet ar vuhez deus takadoù bras-bras zo.
Neus_Ket_Deus_Archoazh/c50a32c62dacaf1e613dc5f1b99107f9_1438130_1445640.mp3	Ma talc'homp mod-se c'hallfe an holl besked mont da get ac'han daou vil eizh ha daou-ugent.
Neus_Ket_Deus_Archoazh/c50a32c62dacaf1e613dc5f1b99107f9_1445640_1453830.mp3	Gant glavioù trenk ar c'hêrioù hag an industriezh vez krignet magoù diazez an douar evel ar c'haliom, ar galkiom, hag ar magneziom.
Neus_Ket_Deus_Archoazh/c50a32c62dacaf1e613dc5f1b99107f9_1457340_1464330.mp3	Arvarus ivez an diouer a zour. Ba ur bern tier-feurm reer gant dour pompet deus gweleadoù dour didan zouar.
Neus_Ket_Deus_Archoazh/c50a32c62dacaf1e613dc5f1b99107f9_1465680_1472250.mp3	Miliadoù a vloavezhioù vez ezhomm evit ma vije leun ar re-se, a c'hallfe bezañ goullanteret en un nebeud dekvloaziadoù, evel ar poulloù tireoul.
Neus_Ket_Deus_Archoazh/c50a32c62dacaf1e613dc5f1b99107f9_1473180_1480829.mp3	Ken izel eo aet live ar gwelead dour ramz Ogallala en Amerika ken eo bet rediet ar menajerien da adkregiñ gant ur gounidigezh sec'h, a brodu nebeutoc'h.
Neus_Ket_Deus_Archoazh/c50a32c62dacaf1e613dc5f1b99107f9_1481250_1491000.mp3	Ouzhpenn-se, da heul an dourañ hag implij ar chimi c'hall dont an holenaat : re a holenoù berniet ba 'n douar, abeg pennañ an dezerzhiekaat.
Neus_Ket_Deus_Archoazh/c50a32c62dacaf1e613dc5f1b99107f9_1492530_1494989.mp3	Arvarus ivez : krignerezh an douar atil.
Neus_Ket_Deus_Archoazh/c50a32c62dacaf1e613dc5f1b99107f9_1495800_1499880.mp3	daou c'hant vloaz zo, e oa tro c'hwec'h metrad atil war pradeier ar Stadoù-Unanet.
Neus_Ket_Deus_Archoazh/c50a32c62dacaf1e613dc5f1b99107f9_1500390_1505760.mp3	Hiziv, gaoz d'an troiñ douar ha da voazioù fall eo aet un hanter da get, well-wazh.
Neus_Ket_Deus_Archoazh/c50a32c62dacaf1e613dc5f1b99107f9_1507980_1516799.mp3	An dourañ a ro bod da c'hwibez a bep seurt, evel intr du an ed da skouer, a c'hallfe distrujañ pevar-ugent dre gant deus eostadoù ar bed.
Neus_Ket_Deus_Archoazh/c50a32c62dacaf1e613dc5f1b99107f9_1518390_1526370.mp3	Hervez Norman Borlo, tad an Dispac'h Glas, 'n eus an intr du « ur c'halloudezh bras-spontus da zistrujañ ur gevredigezh hag an dud ».
Neus_Ket_Deus_Archoazh/c50a32c62dacaf1e613dc5f1b99107f9_1528830_1533090.mp3	Ober gant treloskoù bev a dalv vo nebeutoc'h a zouaroù evit produiñ boued.
Neus_Ket_Deus_Archoazh/c50a32c62dacaf1e613dc5f1b99107f9_1536000_1542570.mp3	Dalc'had un dachenn zo un harz dezhi : un niver resis a dud hag a loened a c'hell bevañ warni da viken.
Neus_Ket_Deus_Archoazh/c50a32c62dacaf1e613dc5f1b99107f9_1543740_1551060.mp3	Ma'h a ur ouenn en tu all da harz an dalc'had-se, varvo an dachenn betek ma klotfe an niver en-dro gant an harz naturel.
Neus_Ket_Deus_Archoazh/c50a32c62dacaf1e613dc5f1b99107f9_1551990_1560040.mp3	An tu da dremen e-biou d'ar marv-se deus kavet an dud en ur gavet tachennoù all douar atil da c'hounid, pe en ur greskiñ produiñ ar re gounezet dija, pezh zo moaien d'ober gant an tireoul.
Neus_Ket_Deus_Archoazh/c50a32c62dacaf1e613dc5f1b99107f9_1561740_1568220.mp3	Evit delc'hen da greskiñ zo ezhomm deus muioc'h a zanvez evit na c'hall bezañ produet war an Douar, met n'eus planedenn all ebet evit se.
Neus_Ket_Deus_Archoazh/c50a32c62dacaf1e613dc5f1b99107f9_1570860_1578750.mp3	Evit talañ ouzh an daeoù-se eo ret daougementiñ ar produiñ boued ac'han daou vil hanter-kant, evit boueta an holl dud er bed, niverusoc'h-niverus ingal.
Neus_Ket_Deus_Archoazh/c50a32c62dacaf1e613dc5f1b99107f9_1580250_1582980.mp3	ur miliard a dud zo divag pe marnaon dija.
Neus_Ket_Deus_Archoazh/c50a32c62dacaf1e613dc5f1b99107f9_1583820_1590660.mp3	Un dae c'hoazh vo boueta en tu all da nav miliard a dud er bloavezhioù da zont pa vo digresk er produiñ tireoul ha gaz.
Neus_Ket_Deus_Archoazh/c50a32c62dacaf1e613dc5f1b99107f9_1605510_1612769.mp3	Ur c'hresk eksponantel zo en ekonomiezh ar bed, e-tro tri dre gant ar bloaz, en ur lonkañ muioc'h-mui a dreloskoù ne vint ket adnevesaet,
Neus_Ket_Deus_Archoazh/c50a32c62dacaf1e613dc5f1b99107f9_1612920_1621380.mp3	maenadoù ha metalioù koulz ha danvezioù adnevesaüs evel dour, koadeier, douar ha pesked, kalz buanoc'h evit tizh an adnevesaat.
Neus_Ket_Deus_Archoazh/c50a32c62dacaf1e613dc5f1b99107f9_1623001_1628370.mp3	Ha pa greskfe deus unan dre gant nemetken, vo daougementet an ekonomiezh e-korf dek vloaz ha tri-ugent.
Neus_Ket_Deus_Archoazh/c50a32c62dacaf1e613dc5f1b99107f9_1629150_1637670.mp3	Gant traoù all vez brasaet ar gudenn : gant ar bedeladur vez kap tud zo war an eil kevandir da brenañ madoù ha boued produet war egile.
Neus_Ket_Deus_Archoazh/c50a32c62dacaf1e613dc5f1b99107f9_1638750_1643700.mp3	Hir-mat eo an hentoù pourveziñ, ha kreñv ar wask war an poulloù tireoul vo ur fin dezho.
Neus_Ket_Deus_Archoazh/c50a32c62dacaf1e613dc5f1b99107f9_1645680_1648799.mp3	War vroioù pell kontomp hiziv evit hon ezhommoù diazez.
Neus_Ket_Deus_Archoazh/c50a32c62dacaf1e613dc5f1b99107f9_1649700_1652190.mp3	Stag eo ar c'hêrioù modern deus an treloskoù fosil.
Neus_Ket_Deus_Archoazh/c50a32c62dacaf1e613dc5f1b99107f9_1652880_1659721.mp3	War ar gleoù eo diazezet reizhiad darn deus ar bankoù, a gas an dud en ur rodellad amprestiñ-dic'hleiñ evit produiñ ar c'hresk.
Neus_Ket_Deus_Archoazh/c50a32c62dacaf1e613dc5f1b99107f9_1662510_1664849.mp3	Petra c'heller ober evit mont e-biou d'ar skoilhoù-se ?
Neus_Ket_Deus_Archoazh/c50a32c62dacaf1e613dc5f1b99107f9_1665690_1669799.mp3	Lod a soñj dezho eh aimp e-biou d'an enkadenn en ur espern an energiezhioù,
Neus_Ket_Deus_Archoazh/c50a32c62dacaf1e613dc5f1b99107f9_1670130_1677388.mp3	dre an deknologiezh, ar c'hresk a-boell, an adaozañ, an otoioù dredan ha daouvouedet, ar cheñchamant doareoù, ar votiñ.
Neus_Ket_Deus_Archoazh/c50a32c62dacaf1e613dc5f1b99107f9_1679010_1683660.mp3	Espern energiezhioù a dalvo espern moneiz ivez met ne vo ket trawalc'h evit saveteiñ an dud.
Neus_Ket_Deus_Archoazh/c50a32c62dacaf1e613dc5f1b99107f9_1684380_1692119.mp3	Ma ray un nebeud tud gant nebeutoc'h a direoul : kaso digresk ar goulenn da zigresk ar prizioù, ha tud all a breno muioc'h ha marc'hadmatoc'h.
Neus_Ket_Deus_Archoazh/c50a32c62dacaf1e613dc5f1b99107f9_1693050_1700130.mp3	E memes mod ur mekanik efedusoc'h, diwar nebeutoc'h a energiezh, a dalv, souezhus walc'h, implij muioc'h a energiezh.
Neus_Ket_Deus_Archoazh/c50a32c62dacaf1e613dc5f1b99107f9_1701240_1707960.mp3	En naontekvet kantved, en doa komprenet an ekonomist saoz William Stanley Jevons oa deut ar glaou da vezañ marc'hadmatoc'h
Neus_Ket_Deus_Archoazh/c50a32c62dacaf1e613dc5f1b99107f9_1707957_1715780.mp3	A gaoz da wellaat ar c'hefluskerioù dre aezhenn hag implijet muioc'h a gefluskerioù dre aezhenn da heul, da lavaret eo muioc'h a c'hlaou lonket.
Neus_Ket_Deus_Archoazh/c50a32c62dacaf1e613dc5f1b99107f9_1716810_1720949.mp3	Lonket e vo an energiezh pe an danvezioù espernet gant ar c'hresk en implij.
Neus_Ket_Deus_Archoazh/c50a32c62dacaf1e613dc5f1b99107f9_1727010_1731450.mp3	Darn a gred dezho vo kavet diskoulmoù gant ar skiantourien hag o zeknologiezhioù nevez.
Neus_Ket_Deus_Archoazh/c50a32c62dacaf1e613dc5f1b99107f9_1731690_1734600.mp3	Padal, teknologiezh n'eo ket energiezh.
Neus_Ket_Deus_Archoazh/c50a32c62dacaf1e613dc5f1b99107f9_1735410_1742617.mp3	Troet vez an energiezh e nerzh-labour gant an deknologiezh met ne gemer ket he flas. Ha lonket vez danvez ganti ivez.
Neus_Ket_Deus_Archoazh/c50a32c62dacaf1e613dc5f1b99107f9_1742700_1747320.mp3	Da skouer vez savet un urzhiataerez diwar un dekvedenn deus an nerzh ret evit sevel un oto.
Neus_Ket_Deus_Archoazh/c50a32c62dacaf1e613dc5f1b99107f9_1748340_1754909.mp3	Teknologiezhioù barrekoc'h c'hallfe gwashaat an traoù pa vez ezhomm, evito, deus maenadoù ral a zo nebeutoc'h-nebeut anezho.
Neus_Ket_Deus_Archoazh/c50a32c62dacaf1e613dc5f1b99107f9_1756080_1764060.mp3	Da skouer vez produet seitek dre gant ha pevar-ugent deus elfennoù ral an Douar en Sina, darn vrasañ anezho en ur mengleuz nemetken e Mongolia.
Neus_Ket_Deus_Archoazh/c50a32c62dacaf1e613dc5f1b99107f9_1766130_1773330.mp3	Graet vez gant ar maenadoù-se evit sevel troourezioù katalitek, kefluskerien kirri-nij, gwarelloù dreist-efedus ha pladennoù kalet,
Neus_Ket_Deus_Archoazh/c50a32c62dacaf1e613dc5f1b99107f9_1773396_1780359.mp3	baterioù otoioù daou-vouetaet, lazeroù, skannerioù skañv, gwiskadoù-gwarez reaktorioù nukleel, pladennoù arc'hant,
Neus_Ket_Deus_Archoazh/c50a32c62dacaf1e613dc5f1b99107f9_1780359_1786230.mp3	kefluskerioù kirri daou-vouetaet, klogorennoù beveziñ-bihan, luc'hedañvioù, ha skrammoù skinwel plat.
Neus_Ket_Deus_Archoazh/c50a32c62dacaf1e613dc5f1b99107f9_1789080_1793960.mp3	En soñj mañ gouarnamant Sina krennañ ezporzhiañ ar maenadoù-se, pa gresk ar goulenn warno.
Neus_Ket_Deus_Archoazh/c50a32c62dacaf1e613dc5f1b99107f9_1796370_1803330.mp3	Ne dalvo da vann pezh reer "diorren padus" pe diorren poellek anezhañ pa vez implijet maenadoù ha metalioù diadnevesaüs enno,
Neus_Ket_Deus_Archoazh/c50a32c62dacaf1e613dc5f1b99107f9_1803540_1807470.mp3	e kementadoù ac'h a war-gresk ingal, elfennoù ral an Douar en o mesk.
Neus_Ket_Deus_Archoazh/c50a32c62dacaf1e613dc5f1b99107f9_1807840_1813500.mp3	An adaozañ n'eo ket un diskoulm mat pa lonk energiezh ha pa n'eo ket efedus an argerzh penn-da-benn.
Neus_Ket_Deus_Archoazh/c50a32c62dacaf1e613dc5f1b99107f9_1815780_1822270.mp3	N'haller adaozañ nemet ul lodenn deus an dafar ha bras eo al lodenn all kaset d'al lastez da vat.
Neus_Ket_Deus_Archoazh/c50a32c62dacaf1e613dc5f1b99107f9_1824650_1826690.mp3	Gant tredan vez bouetaet an otoioù dredan.
Neus_Ket_Deus_Archoazh/c50a32c62dacaf1e613dc5f1b99107f9_1827430_1831560.mp3	Pa denner darn deus an tredan diwar treloskoù fosil n'eo ket un diskoulm kennebeut.
Neus_Ket_Deus_Archoazh/c50a32c62dacaf1e613dc5f1b99107f9_1833050_1836560.mp3	Sevel kirri n'eus forzh peseurt doare dezho a lonk tireoul ivez.
Neus_Ket_Deus_Archoazh/c50a32c62dacaf1e613dc5f1b99107f9_1837250_1841210.mp3	Seizh litrad tireoul warn-ugent zo ezhomm evit ober ur vandenn-rod.
Neus_Ket_Deus_Archoazh/c50a32c62dacaf1e613dc5f1b99107f9_1842260_1844979.mp3	eizh kant milion oto zo er bed en daou vil dek.
Neus_Ket_Deus_Archoazh/c50a32c62dacaf1e613dc5f1b99107f9_1845030_1849980.mp3	D'an tizh-kreskiñ zo hiziv vefe daou viliard ac'han daou vil pemp warn-ugent.
Neus_Ket_Deus_Archoazh/c50a32c62dacaf1e613dc5f1b99107f9_1853090_1861016.mp3	Ne vo ket ur blanedenn evit gouzañv kement a girri pad pell, n'eus forzh gant petra vint bouetaet.
Neus_Ket_Deus_Archoazh/c50a32c62dacaf1e613dc5f1b99107f9_1860500_1867760.mp3	Kalz a ekonomisted a soñj ganto kinnigo an ekonomiezh marc'hadoù un eienenn energiezh all kavet dre ijin an teknologiezhioù.
Neus_Ket_Deus_Archoazh/c50a32c62dacaf1e613dc5f1b99107f9_1867910_1871776.mp3	Padal emañ pennañ treloskoù erlec'hiañ an tireoul o tigreskiñ ivez.
Neus_Ket_Deus_Archoazh/c50a32c62dacaf1e613dc5f1b99107f9_1872680_1877570.mp3	Ouzhpenn-se e c'houll amzer tremen d'un eil energiezh d'eben, a vez ankouaet kontañ alies.
Neus_Ket_Deus_Archoazh/c50a32c62dacaf1e613dc5f1b99107f9_1878847_1887500.mp3	E rentañ-kont Hirsch Departamant an energiezhioù er Stadoù-Unanet zo jedet vefe ezhomm deus ugent vloaz evit 'n em brientiñ da efedoù ar pikern produiñ tireoul.
Neus_Ket_Deus_Archoazh/c50a32c62dacaf1e613dc5f1b99107f9_1888160_1900969.mp3	Arouezioù ur gudenn vras nemetken eo an eienennoù energiezh hag an danvezioù o vont da get, ar c'holl douar atil, hag ar saotradur : ar c'hresk neie zo kaoz.
Neus_Ket_Deus_Archoazh/c50a32c62dacaf1e613dc5f1b99107f9_1902980_1908530.mp3	Keit ha ma c'houlenno ar reizhadoù arc'hant vefe deus ur c'hresk didermen ne dalvo mann ebet ar c'hemmoù all.
Neus_Ket_Deus_Archoazh/c50a32c62dacaf1e613dc5f1b99107f9_1909550_1917320.mp3	Peseurt mod vo an dazont neuze ? Krediñ a ra d'ar wellwelourien e talc'ho ar c'hresk da viken hep harz ebet.
Neus_Ket_Deus_Archoazh/c50a32c62dacaf1e613dc5f1b99107f9_1918250_1923080.mp3	Soñjal a ra d'ar wazhwelourien eh aimp etrezek ur marevezh ar mein nevez pe eh aimp da get.
Neus_Ket_Deus_Archoazh/c50a32c62dacaf1e613dc5f1b99107f9_1924130_1926320.mp3	Moarvat mañ an dazont etre an daou zegouezh pellañ-se.
Neus_Ket_Deus_Archoazh/c50a32c62dacaf1e613dc5f1b99107f9_1927440_1932379.mp3	Marteze walc'h h ay hon sevenadur d'ur stad simploc'h diazezet war nebeutoc'h a energiezhioù.
Neus_Ket_Deus_Archoazh/c50a32c62dacaf1e613dc5f1b99107f9_1934990_1937029.mp3	Kaletoc'h vo ar vuhez evit an darn vrasañ ac'hanomp.
Neus_Ket_Deus_Archoazh/c50a32c62dacaf1e613dc5f1b99107f9_1937600_1943480.mp3	Muioc'h a labour-zorn, a labour en tier-feurm, ha produiñ madoù, boued ha servijoù er vro tro-dro.
Neus_Ket_Deus_Archoazh/c50a32c62dacaf1e613dc5f1b99107f9_1944373_1947058.mp3	Peseurt mod e c'heller 'n em brientiñ d'un dazont a seurt-se ?
Neus_Ket_Deus_Archoazh/c50a32c62dacaf1e613dc5f1b99107f9_1948720_1952659.mp3	Soñjit e tigresko a-galz enporzhiañ madoù ha boued deus broioù pell.
Neus_Ket_Deus_Archoazh/c50a32c62dacaf1e613dc5f1b99107f9_1953260_1957910.mp3	Krogit da vont war droad pe war varc'h-houarn. Kustumit d'ober gant nebeutoc'h a dredan.
Neus_Ket_Deus_Archoazh/c50a32c62dacaf1e613dc5f1b99107f9_1958990_1962680.mp3	Paeit ho kleoù. Ha klaskit chom pell deus ar bankoù.
Neus_Ket_Deus_Archoazh/c50a32c62dacaf1e613dc5f1b99107f9_1963640_1967509.mp3	E-lec'h mont da brenañ traoù er gourmarc'hadoù, soutenit an embregerezhioù tost.
Neus_Ket_Deus_Archoazh/c50a32c62dacaf1e613dc5f1b99107f9_1967960_1970810.mp3	Prenit boued produet en ho pro digant ar broduourien.
Neus_Ket_Deus_Archoazh/c50a32c62dacaf1e613dc5f1b99107f9_1971440_1977050.mp3	Ba plas ho letonenn, savit ho poued hoc'h-unan. Deskit peseurt mod miret anezhañ pell.
Neus_Ket_Deus_Archoazh/c50a32c62dacaf1e613dc5f1b99107f9_1977680_1984460.mp3	Soñjit en implij moneiz lec'hel, ken-kaz ne drofe ket ken ar reizhiadoù ekonomikel bras, ha kreskit ho parregezhioù emvastañ.
Neus_Ket_Deus_Archoazh/c50a32c62dacaf1e613dc5f1b99107f9_1985660_1992500.mp3	N'eus tra bet er roll-mañ a ampecho an diskar bras, met gwellaat a raint ho chañsoù pa vo izel an energiezhioù en dazont,
Neus_Ket_Deus_Archoazh/c50a32c62dacaf1e613dc5f1b99107f9_1992920_1997360.mp3	pa vo ret kontañ muioc'h warnomp hon-unan, evel ma rae hon hendadoù gwechall.
